{
  "300 block of State Line Road, Tennessee": "Monroe",
  "Abbeville, Alabama": "Henry",
  "Aberdeen, North Carolina": "Moore",
  "Abilene, Texas": "Taylor",
  "Abingdon, Maryland": "Harford",
  "Abingdon, Virginia": "Washington",
  "Abington Township, Pennsylvania": "Montgomery",
  "Acworth, Georgia": "Cobb",
  "Adams County, Colorado": "Adams",
  "Addison, Texas": "Dallas",
  "Affton, Missouri": "St. Louis",
  "Aguanga, California": "Riverside",
  "Aiea, Hawaii": "Honolulu",
  "Aiken, South Carolina": "Aiken",
  "Aitkin, Minnesota": "Aitkin",
  "Akron, Ohio": "Summit",
  "Alamo, Tennessee": "Crockett",
  "Alamogordo, New Mexico": "Otero",
  "Alamosa, Colorado": "Alamosa",
  "Albany, Georgia": "Dougherty",
  "Albany, New York": "Albany",
  "Albuquerque, New Mexico": "Bernalillo",
  "Alderwood Manor, Washington": "Snohomish",
  "Aldie, Virginia": "Loudoun",
  "Alexandria, Louisiana": "Washington",
  "Alexandria, Minnesota": "Douglas",
  "Alexandria, Virginia": "Fairfax",
  "Algoma Township, Michigan": "Kent",
  "Alhambra, California": "Los Angeles",
  "Allen, Texas": "Collin",
  "Allentown, Pennsylvania": "Lehigh",
  "Aloha, Oregon": "Washington",
  "Alpine, California": "San Diego",
  "Alton, Illinois": "Madison",
  "Altoona, Iowa": "Polk",
  "Alvin, Texas": "Brazoria",
  "Amarillo, Texas": "Potter",
  "Amelia Island, Florida": "Nassau",
  "Amite, Louisiana": "Tangipahoa",
  "Amity, Oregon": "Yamhill",
  "Anadarko, Oklahoma": "Caddo",
  "Anaheim, California": "Orange",
  "Anchorage, Alaska": "Anchorage",
  "Anderson, California": "Shasta",
  "Ankeny, Iowa": "Polk",
  "Anniston, Alabama": "Calhoun",
  "Anson County, North Carolina": "Anson",
  "Antelope, California": "Sacramento",
  "Antigo, Wisconsin": "Langlade",
  "Antioch, California": "Contra Costa",
  "Antioch, Illinois": "Lake",
  "Antioch, Tennessee": "Davidson",
  "Apache Junction, Arizona": "Pinal",
  "Apopka, Florida": "Orange",
  "Apple Valley, California": "San Bernardino",
  "Appleton, Wisconsin": "Outagamie",
  "Arab, Alabama": "Marshall",
  "Aragonite, Utah": "Tooele",
  "Arcata, California": "Humboldt",
  "Archdale, North Carolina": "NC",
  "Arcola, Illinois": "Douglas",
  "Ardmore, Oklahoma": "Carter",
  "Arlington, Georgia": "On Calhoun",
  "Arlington, Tennessee": "Shelby",
  "Arlington, Texas": "Tarrant",
  "Arlington, Virginia": "Arlington",
  "Artesia, California": "Los Angeles",
  "Artesia, New Mexico": "Eddy",
  "Arundel, Maine": "York",
  "Arvada, Colorado": "Jefferson",
  "Arvonia, Virginia": "Buckingham",
  "Ashe County, North Carolina": "Ashe",
  "Asheville, North Carolina": "Buncombe",
  "Ashtabula, Ohio": "Ashtabula",
  "Ashville, Alabama": "Clair",
  "Ashwaubenon, Wisconsin": "Brown",
  "Assaria, Kansas": "Saline",
  "Atascadero, California": "Luis Obispo",
  "Atlanta, Georgia": "Fulton",
  "Atlantic City, New Jersey": "Atlantic",
  "Atwater, California": "Merced",
  "Auburn, California": "Placer",
  "Auburn, Washington": "King",
  "Auburndale, Florida": "Polk",
  "Augusta, Georgia": "Richmond",
  "Augusta, West Virginia": "Hampshire",
  "Aurora, Colorado": "Douglas",
  "Aurora, Illinois": "Kane",
  "Aurora, Missouri": "Lawrence",
  "Austell, Georgia": "Cobb",
  "Austin, Arkansas": "Lonoke",
  "Austin, Minnesota": "Mower",
  "Austin, Texas": "Travis",
  "Avella, Pennsylvania": "Washington",
  "Avenal, California": "Kings",
  "Avon, Indiana": "Hendricks",
  "Avondale, Arizona": "Maricopa",
  "Azle, Texas": "Tarrant",
  "Azusa, California": "Los Angeles",
  "Bailey, Colorado": "Park",
  "Bainbridge Island, Washington": "Kitsap",
  "Bakersfield, California": "Kern",
  "Balch Springs, Texas": "Dallas",
  "Baldwin County, Alabama": "Baldwin",
  "Baldwin Hills, California": "Los Angeles",
  "Baltimore, Maryland": "Baltimore",
  "Bandon, Oregon": "Coos",
  "Bangor, Maine": "Penobscot",
  "Barberville, Florida": "Volusia",
  "Barbourville, Kentucky": "Knox",
  "Bardstown, Kentucky": "Nelson",
  "Barnwell, Alabama": "Baldwin",
  "Barona Indian Reservation, California": "San Diego",
  "Barrow County, Georgia": "Barrow",
  "Barrow, Alaska": "North Slope",
  "Barstow, California": "San Bernardino",
  "Bartlesville, Oklahoma": "Washington",
  "Bartlett, Tennessee": "Shelby",
  "Barton, Mississippi": "Marshall",
  "Bassett, California": "Los Angeles",
  "Bassett, Virginia": "Henry",
  "Batesville, Arkansas": "Independence",
  "Bath, New Hampshire": "Grafton",
  "Baton Rouge, Louisiana": "East Baton Rouge",
  "Battle Creek, Michigan": "Calhoun",
  "Baxter, Kentucky": "Harlan",
  "Bay City, Michigan": "Bay",
  "Bay Minette, Alabama": "Baldwin",
  "Baytown, Texas": "Harris",
  "Beacon, New York": "Dutchess",
  "Beaumont, California": "Riverside",
  "Beaumont, Texas": "Jefferson",
  "Beaver Dam, Wisconsin": "Dodge",
  "Beaver, Washington": "Clallam",
  "Beaverton, Michigan": "Gladwin",
  "Beaverton, Oregon": "Washington",
  "Beckley, West Virginia": "Raleigh",
  "Beckville, Texas": "Panola",
  "Bedford, Texas": "Tarrant",
  "Beech Grove, Indiana": "Marion",
  "Bel Air, Maryland": "Harford",
  "Belgrade, Maine": "Kennebec",
  "Bell, California": "Los Angeles",
  "Belle Glade, Florida": "Palm Beach",
  "Belleville, Illinois": "Clair",
  "Belleville, Michigan": "Wayne",
  "Bellflower, California": "Los Angeles",
  "Bellingham, Washington": "Whatcom",
  "Bellville, Texas": "Austin",
  "Belton, Missouri": "Cass",
  "Bend, Oregon": "Deschutes",
  "Benton City, Washington": "Benton",
  "Benton Harbor, Michigan": "Berrien",
  "Benton, Arkansas": "Saline",
  "Benton, Illinois": "Franklin",
  "Berea, Kentucky": "Madison",
  "Bernalillo, New Mexico": "Sandoval",
  "Berne, New York": "Albany",
  "Bernice, Louisiana": "Union",
  "Berrien County, Michigan": "Berrien",
  "Bethany, Oklahoma": "Oklahoma",
  "Beverly Hills, Florida": "Citrus",
  "Beverly, Massachusetts": "Essex",
  "Beverly, Ohio": "Washington",
  "Bexar County, Texas": "Bexar",
  "Big Bear, Missouri": "MO",
  "Big Lake, Alaska": "Matanuska-Susitna",
  "Big Springs, Nebraska": "Deuel",
  "Billings, Montana": "Yellowstone",
  "Biloxi, Mississippi": "Harrison",
  "Birmingham, Alabama": "Jefferson",
  "Bisbee, Arizona": "Cochise",
  "Bismarck, North Dakota": "Burleigh",
  "Bixby, Oklahoma": "OK",
  "Black River Falls, Wisconsin": "Jackson",
  "Blackfoot, Idaho": "Bingham",
  "Blackman Township, Michigan": "Jackson",
  "Blacksburg, South Carolina": "Cherokee",
  "Bloomfield Township, Michigan": "Oakland",
  "Bloomfield, New Jersey": "Essex",
  "Bloomington, Minnesota": "Hennepin",
  "Bloomsburg, Pennsylvania": "Columbia",
  "Blue Springs, Missouri": "Jackson",
  "Blue Summit, Missouri": "Jackson",
  "Bluefield, West Virginia": "Mercer",
  "Boerne, Texas": "Kendall",
  "Bogalusa, Louisiana": "Washington",
  "Boiling Springs, South Carolina": "Spartanburg",
  "Boise, Idaho": "Ada",
  "Bolton, Connecticut": "Tolland",
  "Bolton, Vermont": "Chittenden",
  "Bon Aqua, Tennessee": "Hickman",
  "Bonaire, Georgia": "Houston",
  "Boone, Iowa": "Boone",
  "Booneville, Kentucky": "Owsley",
  "Boonville, Indiana": "Warrick",
  "Boring, Oregon": "Clackamas",
  "Bossier City, Louisiana": "Bossier",
  "Boston, Massachusetts": "Suffolk",
  "Boswell, Oklahoma": "Choctaw",
  "Boulder City, Nevada": "Clark",
  "Boulder Creek, California": "Santa Cruz",
  "Boulder, Colorado": "Boulder",
  "Bowling Green, Kentucky": "Warren",
  "Box Elder, South Dakota": "SD",
  "Boyle Heights, California": "Los Angeles",
  "Bradenton, Florida": "Manatee",
  "Braintree, Massachusetts": "Norfolk",
  "Brandywine, West Virginia": "Pendleton",
  "Brawley, California": "Imperial",
  "Braxton County, West Virginia": "Braxton",
  "Breaux Bridge, Louisiana": "St. Martin",
  "Bremerton, Washington": "Kitsap",
  "Brevard, North Carolina": "Transylvania",
  "Brick Township, New Jersey": "Ocean",
  "Brick, New Jersey": "Ocean",
  "Bridgeport, Connecticut": "Fairfield",
  "Bridgeton, New Jersey": "Cumberland",
  "Brighton Township, Michigan": "Livingston",
  "Brighton, Colorado": "Adams",
  "Bristol Township, Pennsylvania": "Bucks",
  "Bristol, Tennessee": "Sullivan",
  "Bristol, Virginia": "Washington",
  "Brockton, Massachusetts": "Plymouth",
  "Brodhead, Kentucky": "Rockcastle",
  "Broken Bow, Oklahoma": "McCurtain",
  "Bronx, New York": "Westchester",
  "Brookhaven, Mississippi": "Lincoln",
  "Brooklet, Georgia": "Bulloch",
  "Brooklyn, New York": "Kings",
  "Brookshire, Texas": "Waller",
  "Brooksville, Alabama": "Blount",
  "Brooksville, Florida": "Hernando",
  "Brookville, Indiana": "Franklin",
  "Brookville, Ohio": "Montgomery",
  "Broomfield, Colorado": "Boulder",
  "Brownsville, Texas": "Cameron",
  "Buckeye, Arizona": "Maricopa",
  "Buckhannon, West Virginia": "Upshur",
  "Buffalo, Missouri": "Dallas",
  "Buffalo, New York": "Erie",
  "Buford, Georgia": "Gwinnett",
  "Bull Shoals, Arkansas": "Marion",
  "Bullhead City, Arizona": "Mohave",
  "Bunch, Oklahoma": "Adair",
  "Burbank, California": "Los Angeles",
  "Burien, Washington": "King",
  "Burkesville, Kentucky": "Cumberland",
  "Burlington, Iowa": "Des Moines",
  "Burlington, North Carolina": "Alamance",
  "Burlington, Vermont": "Chittenden",
  "Burns Flat, Oklahoma": "Washita",
  "Burns, Oregon": "Harney",
  "Burnsville, Minnesota": "Dakota",
  "Burnsville, North Carolina": "Yancey",
  "Butte, Montana": "Silver Bow",
  "Byars, Oklahoma": "Clain",
  "Byng, Oklahoma": "Pontotoc",
  "Byram, New Jersey": "Hunterdon",
  "Byron, California": "Contra Costa",
  "Cabazon, California": "Riverside",
  "Cabot, Arkansas": "Lonoke",
  "Cache, Oklahoma": "Comanche",
  "Cade, Louisiana": "St. Martin",
  "Calaveras County, California": "Calaveras",
  "Calexico, California": "Imperial",
  "Calimesa, California": "Riverside",
  "Callahan, Florida": "Nassau",
  "Camarillo, California": "Ventura",
  "Camden, New Jersey": "Camden",
  "Camp Croft, South Carolina": "Spartanburg",
  "Camp Wood, Texas": "Real",
  "Campbellton, Texas": "Atascosa",
  "Campbelltown, Pennsylvania": "Lebanon",
  "Campo, California": "San Diego",
  "Campobello, South Carolina": "Spartanburg",
  "Canaan Township, Pennsylvania": "Wayne",
  "Canaan, New Hampshire": "Grafton",
  "Canandaigua, New York": "Ontario",
  "Canton Township, Pennsylvania": "PA",
  "Canton, North Carolina": "Haywood County",
  "Canton, Ohio": "Stark",
  "Cantonment, Florida": "Escambia",
  "Cape Canaveral, Florida": "Brevard",
  "Cape Coral, Florida": "Lee",
  "Cape Girardeau, Missouri": "Alexander",
  "Capitol Heights, Maryland": "Prince George's",
  "Carlsbad, New Mexico": "Eddy",
  "Carmichael, California": "Sacramento",
  "Carnesville, Georgia": "Franklin",
  "Carollwood, Florida": "Hillsborough",
  "Carrizozo, New Mexico": "Lincoln",
  "Carroll County, Georgia": "Carroll",
  "Carrollton, Georgia": "Carroll",
  "Carrollton, Texas": "Denton",
  "Carson City, Nevada": "Ormsby",
  "Carson, California": "Los Angeles",
  "Cartersville, Georgia": "Bartow",
  "Carthage, Tennessee": "Smith",
  "Cary, North Carolina": "Wake",
  "Casa Grande, Arizona": "Pinal",
  "Casper, Wyoming": "Natrona",
  "Casselberry, Florida": "Seminole",
  "Castaic, California": "Los Angeles",
  "Cathedral City, California": "Riverside",
  "Cato Township, Michigan": "Montcalm",
  "Catoosa, Oklahoma": "Rogers",
  "Cayce, South Carolina": "Richland",
  "Cañon City, Colorado": "Fremont",
  "Cedar Lake, Texas": "Matagorda",
  "Cedar Rapids, Iowa": "Linn",
  "Cedartown, Georgia": "Polk",
  "Celina, Ohio": "Mercer",
  "Centennial, Colorado": "Arapahoe",
  "Centerville, Utah": "Davis",
  "Ceres, California": "Stanislaus",
  "Cerritos, California": "Los Angeles",
  "Chalmette, Louisiana": "St. Bernard",
  "Chambersburg, Pennsylvania": "Franklin",
  "Chamblee, Georgia": "Kalb",
  "Chandler, Arizona": "Maricopa",
  "Chanhassen, Minnesota": "Carver",
  "Channelview, Texas": "Harris",
  "Chapeno, Texas": "Starr",
  "Charleston, South Carolina": "Charleston",
  "Charleston, Tennessee": "Bradley",
  "Charleston, West Virginia": "Kanawha",
  "Charlotte, North Carolina": "Mecklenburg",
  "Charlottesville, Virginia": "Albemarle",
  "Chatham County, Georgia": "Chatham",
  "Chatsworth, California": "Los Angeles",
  "Chattanooga, Tennessee": "Hamilton",
  "Chavies, Kentucky": "Perry",
  "Cheektowaga, New York": "Erie",
  "Cheney, Washington": "Spokane",
  "Chesapeake, Virginia": "Norfolk",
  "Chester, Pennsylvania": "Delaware",
  "Chester, South Carolina": "Chester",
  "Chester, Virginia": "Chesterfield",
  "Chesterfield County, South Carolina": "Chesterfield",
  "Chestertown, Maryland": "Kent",
  "Cheyenne, Wyoming": "Laramie",
  "Chicago, Illinois": "Cook",
  "Chickasha, Oklahoma": "Grady",
  "Chico, California": "Butte",
  "Childress, Texas": "Childress",
  "Chinle, Arizona": "Apache",
  "Chino, California": "San Bernardino",
  "Chowchilla, California": "Madera",
  "Christian County, Kentucky": "Christian",
  "Chula Vista, California": "San Diego",
  "Church Hill, Tennessee": "Hawkins",
  "Cincinnati, Ohio": "Hamilton",
  "Circleville, Ohio": "Pickaway",
  "Cisco, Texas": "Eastland",
  "Citra, Florida": "Marion",
  "Citronelle, Alabama": "Mobile",
  "Citrus Heights, California": "Sacramento",
  "City Terrace, California": "Los Angeles",
  "Clackamas County, Oregon": "Clackamas",
  "Clanton, Alabama": "Chilton",
  "Claremont, New Hampshire": "Sullivan",
  "Clarendon, New York": "Orleans",
  "Clark County, Wisconsin": "Clark",
  "Clarkesville, Georgia": "Habersham",
  "Clarksdale, Mississippi": "Coahoma",
  "Clarksville, Arkansas": "Johnson",
  "Clarksville, Tennessee": "Montgomery",
  "Clarksville, Texas": "Red River",
  "Clay, Alabama": "Jefferson",
  "Claymont, Delaware": "New Castle",
  "Clayton, Georgia": "Rabun",
  "Cle Elum, Washington": "Kittitas",
  "Clear Creek Canyon, Colorado": "Clear Creek",
  "Clearfield, Utah": "Davis",
  "Clearlake Park, California": "Lake",
  "Clearwater, Florida": "Pinellas",
  "Clendenin, West Virginia": "Kanawha",
  "Clermont, Florida": "Lake",
  "Cleveland, Ohio": "Cuyahoga",
  "Clinton, Illinois": "Witt",
  "Clinton, Maryland": "Prince George's",
  "Clinton, Missouri": "Henry",
  "Clinton, North Carolina": "Sampson",
  "Clinton, Tennessee": "Anderson",
  "Cloverdale, California": "Sonoma",
  "Clovis, California": "Fresno",
  "Clovis, New Mexico": "Curry",
  "Clute, Texas": "Brazoria",
  "Coal County, Oklahoma": "Coal",
  "Coalinga, California": "Fresno",
  "Cobb County, Georgia": "Cobb",
  "Cochran, Georgia": "Bleckley",
  "Cocke County, Tennessee": "Cocke",
  "Cocoa Beach, Florida": "Brevard",
  "Cocoa, Florida": "Brevard",
  "Coeur d'Alene, Idaho": "Kootenai",
  "Cohasset, Minnesota": "Itasca",
  "Colbert, Oklahoma": "Bryan",
  "Colby, Kansas": "Thomas",
  "Colebrook Township, Ohio": "Ashtabula",
  "Colorado City, Colorado": "Pueblo",
  "Colorado Springs, Colorado": "El Paso",
  "Colton, California": "San Bernardino",
  "Colton, Oregon": "Clackamas",
  "Columbia Heights, Minnesota": "Anoka",
  "Columbia Township, Michigan": "MI",
  "Columbia, Maryland": "Howard",
  "Columbia, Missouri": "Boone",
  "Columbia, Tennessee": "Maury",
  "Columbua, Indiana": "IN",
  "Columbus, Georgia": "Muscogee",
  "Columbus, Mississippi": "Lowndes",
  "Columbus, Ohio": "Franklin",
  "Commerce City, Colorado": "Adams",
  "Commerce, Georgia": "Jackson",
  "Compton, California": "Los Angeles",
  "Concord, California": "Contra Costa",
  "Concord, Virginia": "VA",
  "Coney Island, New York": "Oswego",
  "Conroe, Texas": "Montgomery",
  "Constantia, New York": "Oswego",
  "Converse, Louisiana": "Sabine",
  "Coolin, Idaho": "Bonner",
  "Coos Bay, Oregon": "Coos",
  "Copper Center, Alaska": "Valdez-Cordova",
  "Coral Springs, Florida": "Broward",
  "Corning, California": "Tehama",
  "Corning, Wisconsin": "Lincoln",
  "Corona, California": "Riverside",
  "Corpus Christi, Texas": "Nueces",
  "Cosby, Tennessee": "Cocke",
  "Cottonwood Heights, Utah": "Salt Lake",
  "Cottonwood, Arizona": "Yavapai",
  "Cottonwood, California": "Shasta",
  "Counce, Tennessee": "Hardin",
  "Council, Idaho": "Adams",
  "Coushatta, Louisiana": "Red River",
  "Covina, California": "Los Angeles",
  "Covington, Georgia": "Newton",
  "Covington, Louisiana": "St. Tammany",
  "Cranbury Township, New Jersey": "Middlesex",
  "Crandon, Wisconsin": "Forest",
  "Crawford County, Ohio": "Crawford",
  "Crenshaw County, Alabama": "Crenshaw",
  "Crescent City, California": "Del Norte",
  "Crescent City, Florida": "Putnam",
  "Creston, Iowa": "Union",
  "Crowell, Texas": "Foard",
  "Crowley, Louisiana": "Acadia",
  "Crownpoint, New Mexico": "NM",
  "Crystal Springs, Florida": "Pasco",
  "Crystal, Minnesota": "Hennepin",
  "Culpeper, Virginia": "Culpeper",
  "Cumberland County, Kentucky": "Cumberland",
  "Cumming, Georgia": "Forsyth",
  "Cushing, Oklahoma": "Payne",
  "Dade City, Florida": "Pasco",
  "Dadeville, Alabama": "Tallapoosa",
  "Dakota City, Iowa": "Humboldt",
  "Dallas, North Carolina": "Gaston",
  "Dallas, Oregon": "Polk",
  "Dallas, Texas": "Dallas",
  "Dalton, Illinois": "Moultrie",
  "Danville, California": "Contra Costa",
  "Danville, Illinois": "Vermilion",
  "Danville, Virginia": "Pittsylvania",
  "Darlington County, South Carolina": "Darlington",
  "Davenport, Iowa": "Scott",
  "Daviess County, Kentucky": "Daviess",
  "Dayton, Ohio": "Montgomery",
  "DeLand, Florida": "Volusia",
  "DeSoto, Texas": "Dallas",
  "Dearborn Heights, Michigan": "Wayne",
  "Dearborn, Michigan": "Wayne",
  "Decatur County, Tennessee": "Decatur",
  "Decatur, Georgia": "Kalb",
  "Deer Park, Alabama": "Washington",
  "Deer Park, Washington": "Spokane",
  "Deerfield, Illinois": "Lake",
  "Del Mar, California": "San Diego",
  "Del Rio, Texas": "Val Verde",
  "Deland, Florida": "Volusia",
  "Delano, California": "Kern",
  "Delaware, Ohio": "Delaware",
  "Delhi, California": "Merced",
  "Delray Beach, Florida": "Palm Beach",
  "Deltona, Florida": "Volusia",
  "Deming, New Mexico": "Luna",
  "Denham Springs, Louisiana": "Livingston",
  "Denton, Texas": "Denton",
  "Denver, Colorado": "Denver",
  "Deptford, New Jersey": "Gloucester",
  "Derry, New Hampshire": "Rockingham",
  "Des Moines, Iowa": "Polk",
  "Des Moines, Washington": "King",
  "Desert Hot Springs, California": "Riverside",
  "Desha, Arkansas": "Independence",
  "Detroit, Michigan": "Wayne",
  "Devil's Lake, North Dakota": "ND",
  "Dickson, Tennessee": "Dickson",
  "Dilley, Texas": "Frio",
  "Dillon, Montana": "Beaverhead",
  "Dinosaur, Colorado": "Moffat",
  "Dinuba, California": "Tulare",
  "District Heights, Maryland": "Prince George's",
  "Dolton, Illinois": "Cook",
  "Douglas City, California": "Trinity",
  "Douglas, Arizona": "Cochise",
  "Douglas, Georgia": "Coffee",
  "Douglas, Wyoming": "Converse",
  "Douglasville, Georgia": "Douglas",
  "Dover Township, Pennsylvania": "York",
  "Dover, Arkansas": "Pope",
  "Dover, Delaware": "Kent",
  "Downey, California": "Los Angeles",
  "Draper, Utah": "Salt Lake",
  "Duarte, California": "Los Angeles",
  "Dublin, North Carolina": "Bladen",
  "Dumas, Texas": "Moore",
  "Dundalk, Maryland": "Baltimore",
  "Dundee, Florida": "Polk",
  "Dunsmuir, California": "Siskiyou",
  "Dunwoody, Georgia": "Kalb",
  "Durham, California": "Butte",
  "Durham, North Carolina": "Durham",
  "Dyer, Indiana": "Lake",
  "Eagan, Minnesota": "Dakota",
  "Eagar, Arizona": "Apache",
  "Eagle Mountain, Utah": "Utah",
  "East Baton Rouge, Louisiana": "East Baton Rouge",
  "East Bernstadt, Kentucky": "Laurel",
  "East Flat Rock, North Carolina": "Henderson",
  "East Hollywood, California": "Los Angeles",
  "East Los Angeles, California": "Los Angeles",
  "East Point, Georgia": "Fulton",
  "East Ridge, Tennessee": "Hamilton",
  "East St. Louis, Illinois": "Clair",
  "East Stroudsburg, Pennsylvania": "Monroe",
  "East Troy, Wisconsin": "Walworth",
  "East Wenatchee, Washington": "Douglas",
  "Eastaboga, Alabama": "Talladega",
  "Eaton County, Michigan": "Eaton",
  "Eaton Rapids Township, Michigan": "Eaton",
  "Eau Claire, Wisconsin": "Eau Claire",
  "Ebey Island, Washington": "Island",
  "Eden, Georgia": "Bryan",
  "Edgewater, Florida": "Volusia",
  "Edgewood, New Mexico": "Santa Fe",
  "Edinburg, New York": "Saratoga",
  "Edinburg, Texas": "Hidalgo",
  "Edmond, Oklahoma": "Oklahoma",
  "Edmonton, Kentucky": "Metcalfe",
  "Edmund, South Carolina": "Aiken",
  "Efland, North Carolina": "Orange",
  "El Cajon, California": "San Diego",
  "El Monte, California": "Los Angeles",
  "El Paso, Texas": "El Paso",
  "El Sereno, California": "Los Angeles",
  "Elberton, Georgia": "Elbert",
  "Eldorado Springs, Colorado": "Boulder",
  "Eldorado, New Mexico": "Santa Fe",
  "Elgin, Illinois": "Cook",
  "Elizabethton, Tennessee": "Carter",
  "Elizabethtown, Kentucky": "Hardin",
  "Elk Grove, California": "Sacramento",
  "Elk Plain, Washington": "Pierce",
  "Elkhart, Indiana": "Elkhart",
  "Elkhorn, Wisconsin": "Walworth",
  "Elkins, West Virginia": "Randolph",
  "Elko, Nevada": "Elko",
  "Elkridge, Maryland": "Howard",
  "Elkton, Maryland": "Cecil",
  "Ellis County, Texas": "Ellis",
  "Elmira, New York": "Chemung",
  "Elsmere, Kentucky": "Kenton",
  "Emeryville, California": "Alameda",
  "Emporia, Virginia": "Greensville",
  "Encinitas, California": "San Diego",
  "England, Arkansas": "Lonoke",
  "Englewood, Colorado": "Arapahoe",
  "Englewood, Florida": "The Sarasota",
  "Englewood, Ohio": "Montgomery",
  "English, Indiana": "Crawford",
  "Enid, Oklahoma": "Garfield",
  "Enoree, South Carolina": "Spartanburg",
  "Epping, New Hampshire": "Rockingham",
  "Erie, Pennsylvania": "Erie",
  "Escondido, California": "San Diego",
  "Essex, Maryland": "Baltimore",
  "Estill Springs, Tennessee": "Franklin",
  "Euclid, Ohio": "Cuyahoga",
  "Eufaula, Alabama": "Barbour",
  "Eufaula, Oklahoma": "Intosh",
  "Eugene, Oregon": "Lane",
  "Euless, Texas": "Tarrant",
  "Eureka, California": "Humboldt",
  "Eustis, Florida": "Lake",
  "Evangeline Parish, Louisiana": "Evangeline",
  "Evans, Colorado": "Weld",
  "Evansville, Indiana": "Vanderburgh",
  "Everett, Massachusetts": "Middlesex",
  "Everett, Washington": "Snohomish",
  "Everton, Missouri": "Dade",
  "Fair Oaks, California": "Sacramento",
  "Fairbanks, Alaska": "North Star",
  "Fairborn, Ohio": "Greene",
  "Fairchance, Pennsylvania": "Fayette",
  "Fairfax, Oklahoma": "Osage",
  "Fairfax, Virginia": "Fairfax",
  "Fairfield, California": "Solano",
  "Fairfield, Connecticut": "Fairfield",
  "Fairfield, Ohio": "Hamilton",
  "Fairhope, Alabama": "Baldwin",
  "Fairland, Oklahoma": "Ottawa",
  "Fairmont, Minnesota": "Martin",
  "Fairmont, West Virginia": "Marion",
  "Fairview, Ohio": "OH",
  "Fairview, Tennessee": "Williamson",
  "Falcon Heights, Minnesota": "Ramsey",
  "Fall River, Massachusetts": "Bristol",
  "Falls Church, Virginia": "Fairfax",
  "Farmers Branch, Texas": "Dallas",
  "Farmington, Arkansas": "Washington",
  "Farmington, New Mexico": "San Juan",
  "Fayetteville, Arkansas": "Washington",
  "Fayetteville, North Carolina": "Cumberland",
  "Federal Heights, Colorado": "Adams",
  "Federal Way, Washington": "King",
  "Fife, Washington": "Pierce",
  "Findlay, Ohio": "Hancock",
  "Finney County, Kansas": "Finney",
  "Fishers, Indiana": "Hamilton",
  "Fisty, Kentucky": "Knott",
  "Flagstaff, Arizona": "Coconino",
  "Flatwoods, Kentucky": "Greenup",
  "Fletcher, North Carolina": "Henderson",
  "Floral City, Florida": "Citrus",
  "Florence, Arizona": "Pinal",
  "Florence, California": "Los Angeles",
  "Florence, Oregon": "Lane",
  "Florence, South Carolina": "Florence",
  "Florida City, Florida": "Miami-Dade",
  "Florissant, Missouri": "St. Louis",
  "Floyd County, Georgia": "Floyd",
  "Follansbee, West Virginia": "Brooke",
  "Fond du Lac, Wisconsin": "Fond du Lac",
  "Fontana, California": "San Bernardino",
  "Forest Park, Georgia": "Clayton",
  "Forest Park, Illinois": "Cook",
  "Foresthill, California": "Placer",
  "Forks Township, Pennsylvania": "PA",
  "Fort Ashby, West Virginia": "Mineral",
  "Fort Collins, Colorado": "Larimer",
  "Fort Lauderdale, Florida": "Broward",
  "Fort Littleton, Pennsylvania": "Fulton",
  "Fort Madison, Iowa": "Lee",
  "Fort Meade, Maryland": "Anne Arundel",
  "Fort Morgan, Colorado": "Morgan",
  "Fort Myers, Florida": "Lee",
  "Fort Pierce, Florida": "St. Lucie",
  "Fort Smith, Arkansas": "Sebastian",
  "Fort Smith, Oklahoma": "Sebastian",
  "Fort Stockton, Texas": "Pecos",
  "Fort Sumner, New Mexico": "De Baca",
  "Fort Valley, Georgia": "Peach",
  "Fort Walton Beach, Florida": "Okaloosa",
  "Fort Washington, Maryland": "Prince George's",
  "Fort Wayne, Indiana": "Allen",
  "Fort Worth, Texas": "Tarrant",
  "Fountain Inn, South Carolina": "Laurens",
  "Fountain Valley, California": "Orange",
  "Fountain, Colorado": "El Paso",
  "Fox Crossing, Wisconsin": "Winnebago",
  "Frametown, West Virginia": "WV",
  "Franklin County, Missouri": "Franklin",
  "Franklin, Louisiana": "St. Mary",
  "Franklin, North Carolina": "Macon",
  "Franklin, Tennessee": "Williamson",
  "Franklin, Wisconsin": "Milwaukee",
  "Frederica, Delaware": "Kent",
  "Frederick, Maryland": "Frederick",
  "Fredericksburg, Virginia": "Spotsylvania",
  "Frederickstown, Washington": "WA",
  "Freeport, Texas": "Brazoria",
  "Fremont, California": "Alameda",
  "French Lick, Indiana": "Orange",
  "Fresno, California": "Fresno",
  "Fridley, Minnesota": "Anoka",
  "Friendswood, Texas": "Galveston",
  "Fritch, Texas": "Hutchinson",
  "Fruitland Park, Florida": "Lake",
  "Ft. Lauderdale, Florida": "Broward",
  "Fullerton, California": "Orange",
  "Fulshear, Texas": "Fort Bend",
  "Fulton, Kentucky": "Fulton",
  "Fuqua, Texas": "Liberty",
  "Gadsden, Alabama": "Etowah",
  "Gainesville, Florida": "Alachua",
  "Gainesville, Georgia": "Hall",
  "Gallatin, Tennessee": "Sumner",
  "Gallup, New Mexico": "Kinley",
  "Galveston, Texas": "Galveston",
  "Garden City, Idaho": "Ada",
  "Gardena, California": "Los Angeles",
  "Gardner, Kansas": "Johnson",
  "Gardnerville Ranchos, Nevada": "Douglas",
  "Garland, Texas": "Dallas",
  "Gary, Indiana": "Lake",
  "Gaston County, North Carolina": "Gaston",
  "Gastonia, North Carolina": "Gaston",
  "Gautier, Mississippi": "Jackson",
  "Genesee Township, Michigan": "Genesee",
  "Geneva Township, Ohio": "Ashtabula",
  "Geneva, Wisconsin": "Walworth",
  "Georgetown, Kentucky": "Scott",
  "Germantown, Pennsylvania": "Philadelphia",
  "Gerrardstown, West Virginia": "Berkeley",
  "Gibson County, Tennessee": "Gibson",
  "Gibson, Louisiana": "Terrebonne",
  "Gifford, Florida": "Indian River",
  "Gilbert, Arizona": "Maricopa",
  "Gilbert, Minnesota": "Saint Louis",
  "Gillette, Wyoming": "Campbell",
  "Gilmer, Texas": "Upshur",
  "Gilroy, California": "Santa Clara",
  "Girard, Ohio": "Trumbull",
  "Glade Spring, Virginia": "Washington",
  "Gladewater, Texas": "Gregg",
  "Glen Burnie, Maryland": "Anne Arundel",
  "Glendale, Arizona": "Maricopa",
  "Glendale, California": "Los Angeles",
  "Glenville, New York": "Schenectady",
  "Golden Shores, Arizona": "Mohave",
  "Golden Valley, Arizona": "Mohave",
  "Golden, Colorado": "Jefferson",
  "Gonic, New Hampshire": "Strafford",
  "Gonzales County, Texas": "Gonzales",
  "Goodbee, Louisiana": "Saint Tammany",
  "Gooding, Idaho": "Gooding",
  "Goodyear, Arizona": "Maricopa",
  "Goose Creek, South Carolina": "Berkeley",
  "Goshen, Indiana": "Elkhart",
  "Grafton, West Virginia": "Taylor",
  "Graham, Washington": "Pierce",
  "Grand Forks, North Dakota": "Grand Forks",
  "Grand Junction, Colorado": "Mesa",
  "Grand Prarie, Texas": "Dallas",
  "Grand Rapids, Michigan": "Kent",
  "Grand Terrace, California": "San Bernardino",
  "Grandview, Missouri": "Jackson",
  "Granite Falls, North Carolina": "Caldwell",
  "Grant, Oklahoma": "Choctaw",
  "Grant-Valkaria, Florida": "Brevard",
  "Grants Pass, Oregon": "Josephine",
  "Grapeview, Washington": "Mason",
  "Grass Valley, California": "Nevada",
  "Gray, Tennessee": "Washington",
  "Grayson County, Virginia": "Grayson",
  "Great Falls, Montana": "Cascade",
  "Greece, New York": "Monroe",
  "Greeley, Colorado": "Weld",
  "Green Bay, Wisconsin": "Brown",
  "Green, Ohio": "Summit",
  "Greenback, Tennessee": "Loudon",
  "Greenbelt, Maryland": "Prince George's",
  "Greene County, Missouri": "Greene",
  "Greenfield, Wisconsin": "Milwaukee",
  "Greensboro, North Carolina": "Guilford",
  "Greenspoint, Texas": "Harris",
  "Greenville County, South Carolina": "Greenville",
  "Greenville, Mississippi": "Washington",
  "Greenville, North Carolina": "Pitt",
  "Greenville, South Carolina": "Greenville",
  "Greenwood, Indiana": "Johnson",
  "Grenada, Mississippi": "Grenada",
  "Gresham, Oregon": "Multnomah",
  "Gretna, Louisiana": "Jefferson",
  "Griffin, Georgia": "Spalding",
  "Grover Beach, California": "Luis Obispo",
  "Groveton, Texas": "Trinity",
  "Grundy, Virginia": "Buchanan",
  "Guadalupe County, Texas": "Guadalupe",
  "Gulfport, Mississippi": "Harrison",
  "Gunlock, Kentucky": "Magoffin",
  "Gurnee, Illinois": "Lake",
  "Guthrie, Oklahoma": "Logan",
  "Habersham, Georgia": "Habersham",
  "Hacienda Heights, California": "Los Angeles",
  "Hackensack, New Jersey": "Bergen",
  "Hackett, Arkansas": "Sebastian",
  "Hall County, Georgia": "Hall",
  "Hallandale Beach, Florida": "Broward",
  "Hamilton, Alabama": "Marion",
  "Hamilton, New Jersey": "Mercer",
  "Hamilton, Ohio": "Butler",
  "Hammett, Idaho": "Elmore",
  "Hammond, Louisiana": "Tangipahoa",
  "Hampton, Georgia": "Henry",
  "Hampton, New Hampshire": "Rockingham",
  "Hampton, Virginia": "Elizabeth City",
  "Hanover, Colorado": "CO",
  "Hanover, Indiana": "Jefferson",
  "Hanover, New Mexico": "Grant",
  "Happy Valley, California": "El Dorado",
  "Hardeeville, South Carolina": "Jasper",
  "Hardwick, New Jersey": "Warren",
  "Harker Heights, Texas": "Bell",
  "Harmony, Indiana": "Posey",
  "Harmony, Texas": "Henderson",
  "Harrisburg, Pennsylvania": "Dauphin",
  "Harrisonburg, Virginia": "Rockingham",
  "Harrisonville, Missouri": "Cass",
  "Harvey, Illinois": "Cook",
  "Harvey, Louisiana": "Jefferson",
  "Hastings, Minnesota": "Dakota",
  "Hattiesburg, Mississippi": "Forrest",
  "Haughton, Louisiana": "Bossier",
  "Havasu, Arizona": "Mohave",
  "Hawaiian Gardens, California": "Los Angeles",
  "Hawkins, Wisconsin": "Rusk",
  "Hawthorne, California": "Los Angeles",
  "Haymarket, Virginia": "Prince William",
  "Hays, Kansas": "Ellis",
  "Hayti, Missouri": "Pemiscot",
  "Hayward, California": "Alameda",
  "Healdton, Oklahoma": "Carter",
  "Helena, Montana": "Clark",
  "Helena-West Helena, Arkansas": "Phillips",
  "Hemet, California": "Riverside",
  "Henderson County, Texas": "Henderson",
  "Henderson, Nevada": "Clark",
  "Henderson, North Carolina": "Vance",
  "Hendersonville, North Carolina": "Henderson",
  "Hendersonville, Tennessee": "Sumner",
  "Henrico, Virginia": "Henrico",
  "Hensley, West Virginia": "Dowell",
  "Hereford, Texas": "Deaf Smith",
  "Hernando, Florida": "Citrus",
  "Herndon, Virginia": "Fairfax",
  "Hesperia, California": "San Bernardino",
  "Hessel, Michigan": "Mackinac",
  "Hesston, Kansas": "Harvey",
  "Hialeah, Florida": "Miami-Dade",
  "Hickory, North Carolina": "Catawba",
  "Highgrove, California": "Riverside",
  "Highland, California": "San Bernardino",
  "Highlands Ranch, Colorado": "Douglas",
  "Hillsboro, Oregon": "Washington",
  "Hilltop, Ohio": "Trumbull",
  "Hillyard, Washington": "WA",
  "Hilo, Hawaii": "Hawaii",
  "Hinds County, Mississippi": "Hinds",
  "Hiram, Georgia": "Paulding",
  "Hiseville, Kentucky": "Barren",
  "Hixson, Tennessee": "Hamilton",
  "Hobbs, New Mexico": "Lea",
  "Hog Valley, Florida": "Marion",
  "Hohenwald, Tennessee": "Lewis",
  "Holiday, Florida": "Pasco",
  "Holland Township, Michigan": "MI",
  "Hollywood Hills, California": "Los Angeles",
  "Hollywood, California": "Los Angeles",
  "Hollywood, Florida": "Broward",
  "Homedale, Idaho": "Owyhee",
  "Homer, Louisiana": "Tallapoosa",
  "Homestead, Florida": "Miami-Dade",
  "Hometown, West Virginia": "Putnam",
  "Homewood, Alabama": "Jefferson",
  "Hominy, Oklahoma": "Osage",
  "Honolulu, Hawaii": "Honolulu",
  "Hoover, Alabama": "Jefferson",
  "Hopewell, Virginia": "Prince George",
  "Horn Lake, Mississippi": "Soto",
  "Horseheads, New York": "Chemung",
  "Houma, Louisiana": "Terrebonne",
  "Houston, Alaska": "Matanuska-Susitna",
  "Houston, Texas": "Harris",
  "Howland Township, Ohio": "Trumbull",
  "Hudson, North Carolina": "Caldwell",
  "Hudson, Ohio": "Summit",
  "Humboldt, Tennessee": "Gibson",
  "Hummelstown, Pennsylvania": "Dauphin",
  "Hunters, Washington": "Stevens",
  "Huntersville, North Carolina": "NC",
  "Huntingdon County, Pennsylvania": "Huntingdon",
  "Huntington Beach, California": "Orange",
  "Huntington Park, California": "Los Angeles",
  "Huntley, Montana": "Yellowstone",
  "Huntsville, Alabama": "Madison",
  "Hurst, Illinois": "Williamson",
  "Hurst, Texas": "Tarrant",
  "Hutchins, Texas": "Dallas",
  "Hutchinson, Kansas": "Reno",
  "Hutchinson, Minnesota": "Leod",
  "Idaho Falls, Idaho": "Bonneville",
  "Ideal Beach, New Jersey": "Salem",
  "Immokalee, Florida": "Collier",
  "Independence, Missouri": "Jackson",
  "Independence, Virginia": "Grayson",
  "Indianapolis, Indiana": "Marion",
  "Indiantown, Florida": "Martin",
  "Indio, California": "Riverside",
  "Inglewood, California": "Los Angeles",
  "Inkster, Michigan": "Wayne",
  "Inwood, West Virginia": "Berkeley",
  "Inyokern, California": "Kern",
  "Iredell County, North Carolina": "Iredell",
  "Irmo, South Carolina": "Lexington",
  "Irvine, California": "Orange",
  "Irving, Texas": "Dallas",
  "Ishpeming Township, Michigan": "Marquette",
  "Islip, New York": "Suffolk",
  "Iuka, Mississippi": "Tishomingo",
  "Iva, South Carolina": "Anderson",
  "Jackson County, Alabama": "Jackson",
  "Jackson, Georgia": "Butts",
  "Jackson, Michigan": "Jackson",
  "Jackson, Mississippi": "Hinds",
  "Jackson, Missouri": "Cape Girardeau",
  "Jackson, Tennessee": "Madison",
  "Jackson, Wisconsin": "Washington",
  "Jacksonsville, Florida": "Duval",
  "Jacksonville, Alabama": "Calhoun",
  "Jacksonville, Arkansas": "Pulaski",
  "Jacksonville, Florida": "Duval",
  "Jal, New Mexico": "Lea",
  "Jasper, Ohio": "Pike",
  "Jean, Nevada": "Clark",
  "Jefferson City, Missouri": "Cole",
  "Jefferson County, Idaho": "Jefferson",
  "Jeffersonville, Ohio": "Fayette",
  "Jennings, Missouri": "St. Louis",
  "Jerseyville, Illinois": "Jersey",
  "Jesup, Georgia": "Wayne",
  "Johns Creek, Georgia": "Fulton",
  "Johns Island, South Carolina": "Charleston",
  "Johnson City, Tennessee": "Washington",
  "Johnson County, Missouri": "Johnson",
  "Johnsonville, South Carolina": "Florence",
  "Johnstown, Pennsylvania": "Cambria",
  "Joilet, Illinois": "Will",
  "Jonesboro, Arkansas": "Craighead",
  "Jonesborough, Tennessee": "Washington",
  "Jonesville, North Carolina": "Yadkin",
  "Joplin, Missouri": "Jasper",
  "Josephine County, Oregon": "Josephine",
  "Joshua Tree, California": "San Bernardino",
  "Jourdanton, Texas": "Atascosa",
  "Junction City, Kansas": "Geary",
  "Jupiter, Florida": "Palm Beach",
  "Jurupa Valley, California": "Riverside",
  "Kahuku, Hawaii": "Honolulu",
  "Kansas City, Kansas": "Wyandotte",
  "Kansas City, Missouri": "Jackson",
  "Katy, Texas": "Waller",
  "Keaau, Hawaii": "Hawaii",
  "Kearns, Utah": "Salt Lake",
  "Kearny, Arizona": "Pinal",
  "Keizer, Oregon": "Marion",
  "Kellyville, Oklahoma": "Creek",
  "Kelso, Washington": "Cowlitz",
  "Kenai Peninsula, Alaska": "Kenai Peninsula",
  "Kendale Lakes, Florida": "Miami-Dade",
  "Kenner, Louisiana": "Jefferson",
  "Kennewick, Washington": "Benton",
  "Kenosha, Wisconsin": "Kenosha",
  "Kent Station, Washington": "King",
  "Kent, Ohio": "Portage",
  "Kent, Washington": "King",
  "Kentwood, Michigan": "Kent",
  "Kerrville, Texas": "Kerr",
  "Kettering, Ohio": "Montgomery",
  "Killeen, Alabama": "Lauderdale",
  "Killeen, Texas": "Bell",
  "King City, Oregon": "Washington",
  "King George, Virginia": "King George",
  "King of Prussia, Pennsylvania": "Montgomery",
  "Kingman, Arizona": "Mohave",
  "Kings County, California": "Kings",
  "Kings Mountain, North Carolina": "Cleveland",
  "Kingsbury, Texas": "Guadalupe",
  "Kingsland, Georgia": "Camden",
  "Kingwood, Texas": "Harris",
  "Kinston, North Carolina": "Lenoir",
  "Kiowa, Oklahoma": "OK",
  "Kirkland, Washington": "King",
  "Klamath Falls, Oregon": "Klamath",
  "Knox, Indiana": "Starke",
  "Knoxville, Pennsylvania": "Tioga",
  "Knoxville, Tennessee": "Knox",
  "Kokomo, Indiana": "Howard",
  "Kuna, Idaho": "Ada",
  "Kyle, South Dakota": "Oglala Lakota",
  "La Crosse, Wisconsin": "La Crosse",
  "La Marque, Texas": "Galveston",
  "La Mirada, California": "Los Angeles",
  "La Paz County, Arizona": "La Paz",
  "La Porte, Texas": "Harris",
  "La Quinta, California": "Riverside",
  "LaFollette, Tennessee": "Campbell",
  "LaGrange, Georgia": "Troup",
  "Lacey, Washington": "Thurston",
  "Ladera Heights, California": "Los Angeles",
  "Lady Lake, Florida": "Lake",
  "Lafayette, Indiana": "Tippecanoe",
  "Laguna Pueblo, New Mexico": "Cibola",
  "Laguna Woods, California": "Orange",
  "Lake Asbury, Florida": "Clay",
  "Lake City, South Carolina": "Florence",
  "Lake Elmo, Minnesota": "Washington",
  "Lake Elsinore, California": "Riverside",
  "Lake Hallie, Wisconsin": "Chippewa",
  "Lake Havasu City, Arizona": "Mohave",
  "Lake Jackson, Texas": "Brazoria",
  "Lake Mary, Florida": "Seminole",
  "Lake Stevens, Washington": "Snohomish",
  "Lake View, South Carolina": "Dillon",
  "Lake Wales, Florida": "Polk",
  "Lakeland, Florida": "Polk",
  "Lakeland, Tennessee": "Shelby",
  "Lakemoor, Illinois": "The Lake",
  "Lakes Charles, Louisiana": "LA",
  "Lakes Wales, Florida": "Polk",
  "Lakeshire, Missouri": "St. Louis",
  "Lakewood, California": "Los Angeles",
  "Lakewood, Colorado": "Jefferson",
  "Lakewood, Washington": "Pierce",
  "Lampe, Missouri": "Stone",
  "Lancaster City, Pennsylvania": "Lancaster",
  "Lancaster, California": "Los Angeles",
  "Lancaster, Kentucky": "Garrard",
  "Lancaster, Pennsylvania": "Lancaster",
  "Lancaster, South Carolina": "Lancaster",
  "Lancaster, Texas": "Dallas",
  "Landover, Maryland": "Prince George's",
  "Landrum, South Carolina": "Spartanburg",
  "Lansing, Illinois": "Cook",
  "Lansing, Michigan": "Ingham",
  "Lantana, Florida": "Palm Beach",
  "Laramie, Wyoming": "Albany",
  "Laredo, Texas": "Webb",
  "Largo, Florida": "Pinellas",
  "Larimer County, Colorado": "Larimer",
  "Las Cruces, New Mexico": "Ana",
  "Las Vegas, Nevada": "Clark",
  "Latta, South Carolina": "Dillon",
  "Lauderdale County, Mississippi": "Lauderdale",
  "Lauderdale Lakes, Florida": "Broward",
  "Lauderhill, Florida": "Broward",
  "Lawndale, Illinois": "Logan",
  "Lawndale, North Carolina": "Cleveland",
  "Lawrence County, Alabama": "Lawrence",
  "Lawrence, Indiana": "Marion",
  "Lawrenceburg, Kentucky": "Anderson",
  "Lawrenceburg, Tennessee": "Lawrence",
  "Lawrenceville, Georgia": "Gwinnett",
  "Lawtey, Florida": "Bradford",
  "Lawton, Oklahoma": "Comanche",
  "Lead, South Dakota": "Lawrence",
  "League City, Texas": "Harris",
  "Lealman, Florida": "Pinellas",
  "Leavenworth, Kansas": "Leavenworth",
  "Lebanon, Missouri": "Laclede",
  "Lee's Summit, Missouri": "Jackson",
  "Leedey, Oklahoma": "Dewey",
  "Leeds, Alabama": "Jefferson",
  "Lehigh, Kansas": "Marion",
  "Leitchfield, Kentucky": "Grayson",
  "Leland, North Carolina": "Brunswick",
  "Lemon Grove, California": "San Diego",
  "Lemoore, California": "Kings",
  "Lenoir City, Tennessee": "Loudon",
  "Lenoir, North Carolina": "Caldwell",
  "Leon County, Texas": "Leon",
  "Levelland, Texas": "Hockley",
  "Lewisburg, Tennessee": "Marshall",
  "Lewistown, Pennsylvania": "Mifflin",
  "Lexington County, South Carolina": "Lexington",
  "Lexington, North Carolina": "Davidson",
  "Lexington, South Carolina": "Lexington",
  "Lexington, Virginia": "Rockbridge",
  "Liberty, Missouri": "Clay",
  "Liberty, North Carolina": "Randolph",
  "Lima, Ohio": "Allen",
  "Lincoln Parish, Louisiana": "Lincoln",
  "Lincoln, California": "Placer",
  "Lincoln, Nebraska": "Lancaster",
  "Lisle, Illinois": "Page",
  "Little Egg Harbor Township, New Jersey": "Ocean",
  "Little Egg Harbor, New Jersey": "Ocean",
  "Little Havana, Florida": "Miami-Dade",
  "Little Mountain, South Carolina": "Newberry",
  "Little Orleans, Maryland": "Allegany",
  "Little Rock, Arkansas": "Pulaski",
  "Littlefield, Texas": "Lamb",
  "Livermore, California": "Alameda",
  "Livingston Parish, Louisiana": "Livingston",
  "Livingston, Montana": "Park",
  "Livingston, Tennessee": "Overton",
  "Lizella, Georgia": "Crawford",
  "Llano, Texas": "Llano",
  "Lockhart, Texas": "Caldwell",
  "Locust Grove, Georgia": "Henry",
  "Lodge Grass, Montana": "Big Horn",
  "Lodi, California": "San Joaquin",
  "Logan Canyon, Utah": "Cache",
  "Logan County, Oklahoma": "Logan",
  "Logan, Utah": "Cache",
  "Loganville, Georgia": "Walton",
  "Lompoc, California": "Santa Barbara",
  "London, Kentucky": "Laurel",
  "Lone Rock, Arkansas": "AR",
  "Long Beach, California": "Los Angeles",
  "Longview, Texas": "Gregg",
  "Longview, Washington": "Cowlitz",
  "Lorena, Texas": "McLennan",
  "Los Angeles, California": "Los Angeles",
  "Los Banos, California": "Merced",
  "Los Lunas, New Mexico": "Valencia",
  "Louisville, Kentucky": "Jefferson",
  "Louisville, Nebraska": "Cass",
  "Loveland, Colorado": "Larimer",
  "Lovington, New Mexico": "Lea",
  "Lowell, Massachusetts": "Middlesex",
  "Lower Burrell, Pennsylvania": "Westmoreland",
  "Lower Macungie Township, Pennsylvania": "Lehigh",
  "Lower Mount Bethel, Pennsylvania": "Northampton",
  "Loxahatchee, Florida": "Palm Beach",
  "Lucedale, Mississippi": "George",
  "Ludlow, Kentucky": "Kenton",
  "Ludowici, Georgia": "Long",
  "Lufkin, Texas": "Angelina",
  "Lumberton, North Carolina": "Robeson",
  "Lumpkin, Georgia": "Stewart",
  "Lynchburg, Virginia": "Louisa",
  "Lyndhurst, New Jersey": "Bergen",
  "Lynn, Massachusetts": "Essex",
  "Lynnwood, Washington": "Snohomish",
  "Lynwood, California": "Los Angeles",
  "Lyons, Illinois": "Township Cook",
  "Mabank, Texas": "Kaufman",
  "Mableton, Georgia": "Cobb",
  "Mackinaw, Illinois": "Tazewell",
  "Macon County, Alabama": "Macon",
  "Macon, Georgia": "Bibb",
  "Madera, California": "Madera",
  "Madison County, Mississippi": "Madison",
  "Madison Township, Ohio": "OH",
  "Madison, Maine": "Somerset",
  "Madison, Wisconsin": "Dane",
  "Maeystown, Illinois": "Monroe",
  "Magna, Utah": "Salt Lake",
  "Maiden, North Carolina": "NC",
  "Malone, New York": "Franklin",
  "Malta, Montana": "Phillips",
  "Mamou, Louisiana": "Evangeline",
  "Manatee, Florida": "Manatee",
  "Manchester Township, Pennsylvania": "PA",
  "Manchester, New Jersey": "Ocean",
  "Mandan, North Dakota": "Morton",
  "Mandeville, Louisiana": "Tammany",
  "Manhasset, New York": "Nassau",
  "Manila, Arkansas": "Mississippi",
  "Manistee, Michigan": "Manistee",
  "Manitowoc, Wisconsin": "Manitowoc",
  "Mankato, Minnesota": "Blue Earth",
  "Mannford, Oklahoma": "Creek",
  "Mannington, West Virginia": "Marion",
  "Mansfield, Ohio": "Richland",
  "Mansfield, Texas": "Tarrant",
  "Mantoloking, New Jersey": "Ocean County",
  "Marana, Arizona": "Pima",
  "Maricopa, Arizona": "Pinal",
  "Marietta, Georgia": "Cobb",
  "Marina, California": "Monterey",
  "Marine City, Michigan": "Clair",
  "Marion, Arkansas": "Crittenden",
  "Marion, Illinois": "Williamson",
  "Marion, Michigan": "Osceola",
  "Markham, Illinois": "Cook",
  "Marksville, Louisiana": "Avoyelles",
  "Martins Ferry, Ohio": "Belmont",
  "Maryneal, Texas": "Nolan",
  "Marysville, California": "Yuba",
  "Marysville, Washington": "Snohomish",
  "Mascotte, Florida": "Lake",
  "Mashantucket, Connecticut": "New London",
  "Maspeth, New York": "Queens",
  "Mathis, Texas": "San Patricio",
  "Maui, Hawaii": "Maui",
  "Maurice River, New Jersey": "Cumberland",
  "Maysville, Missouri": "Kalb",
  "Maywood, California": "Los Angeles",
  "McAlester, Oklahoma": "Pittsburg",
  "McDowell, Missouri": "Barry",
  "McKinney, Texas": "Collin",
  "McKinneyville, California": "Humboldt",
  "McLemoresville, Tennessee": "Carroll",
  "McLoud, Oklahoma": "Pottawatomie",
  "McMinnville, Oregon": "Yamhill",
  "McMinnville, Tennessee": "Warren",
  "McPherson, Kansas": "Pherson",
  "Mead Township, Pennsylvania": "Warren",
  "Meadow Bridge, West Virginia": "Fayette",
  "Meadow Vista, California": "Placer",
  "Mecca, California": "Riverside",
  "Medford, Oregon": "Jackson",
  "Medicine Lodge, Kansas": "Barber",
  "Medina, Ohio": "Medina",
  "Melba, Idaho": "Canyon",
  "Melbourne, Florida": "Brevard",
  "Memphis, Tennessee": "Shelby",
  "Mena, Arkansas": "Polk",
  "Merced, California": "Merced",
  "Meridian, Idaho": "Ada",
  "Meridian, Mississippi": "Lauderdale",
  "Meridianville, Alabama": "Madison",
  "Merrick, New York": "Nassau",
  "Merrillville, Indiana": "Lake",
  "Merrimack, New Hampshire": "Hillsborough",
  "Mesa, Arizona": "Maricopa",
  "Mesquite, Texas": "Dallas",
  "Metairie, Louisiana": "Jefferson",
  "Metropolis, Illinois": "Massac",
  "Miami Beach, Florida": "Miami-Dade",
  "Miami Gardens, Florida": "Miami-Dade",
  "Miami Township, Ohio": "Montgomery",
  "Miami, Florida": "Miami-Dade",
  "Miami, Oklahoma": "Ottawa",
  "Micanopy, Florida": "Alachua",
  "Middle River, Maryland": "Baltimore",
  "Middleburg, Florida": "Clay",
  "Middleton, Idaho": "Canyon",
  "Middletown, Delaware": "New Castle",
  "Middletown, New York": "Orange",
  "Midland, Michigan": "Midland",
  "Midland, Texas": "Midland",
  "Midlothian, Texas": "Ellis",
  "Midway, Florida": "Gadsden",
  "Midwest City, Oklahoma": "Oklahoma",
  "Milcreek, Utah": "Salt Lake",
  "Millbrook, Alabama": "Autauga",
  "Millerton, Oklahoma": "McCurtain",
  "Millston, Wisconsin": "Jackson",
  "Millville, New Jersey": "Cumberland",
  "Milton, Florida": "Santa Rosa",
  "Milwaukee, Wisconsin": "Milwaukee",
  "Minneapolis, Minnesota": "Hennepin",
  "Mission, Texas": "Hidalgo",
  "Mississippi County, Arkansas": "Mississippi",
  "Missouri City, Texas": "Fort Bend",
  "Mitchell, South Dakota": "Davison",
  "Mobile, Alabama": "Mobile",
  "Modesto, California": "Stanislaus",
  "Molena, Georgia": "Pike",
  "Moncks Corner, South Carolina": "Berkeley",
  "Monett, Missouri": "Barry",
  "Monon, Indiana": "White",
  "Monroe County, Indiana": "Monroe",
  "Monroe, Georgia": "Walton",
  "Monroe, Louisiana": "Ouachita",
  "Monroe, North Carolina": "Union",
  "Monroe, Wisconsin": "Green",
  "Monroeville, Alabama": "Monroe",
  "Montcalm, West Virginia": "Mercer",
  "Montclair, California": "San Bernardino",
  "Monteagle, Tennessee": "Grundy",
  "Montebello, California": "Los Angeles",
  "Monterey, California": "Monterey",
  "Montezuma Creek, Utah": "San Juan",
  "Montgomery County, Virginia": "Montgomery",
  "Montgomery Village, Maryland": "Montgomery",
  "Montgomery, Alabama": "Montgomery",
  "Monticello, Georgia": "Jasper",
  "Montpelier, Ohio": "Williams",
  "Montpelier, Vermont": "Washington",
  "Montrose County, Colorado": "Montrose",
  "Moorland, Iowa": "Webster",
  "Mora, Minnesota": "Kanabec",
  "Moraine, Ohio": "Montgomery",
  "Morehead, Kentucky": "Rowan",
  "Morenci, Arizona": "Greenlee",
  "Moreno Valley, California": "Riverside",
  "Morganton, North Carolina": "Burke",
  "Morgantown, West Virginia": "Monongalia",
  "Morris, Alabama": "Jefferson",
  "Morris, Minnesota": "Stevens",
  "Morristown, Tennessee": "Hamblen",
  "Moultrie, Georgia": "Colquitt",
  "Mount Hope, West Virginia": "Fayette",
  "Mount Hope, Wisconsin": "Grant",
  "Mount Vernon, New York": "Westchester",
  "Mount Washington, Pennsylvania": "Allegheny",
  "Mountain Home, Idaho": "Elmore",
  "Mountain Pine, Arkansas": "Garland",
  "Mountain View, Colorado": "Jefferson",
  "Mt Airy, Maryland": "Carroll",
  "Mt. Airy, North Carolina": "Surry",
  "Mt. Auburn, Ohio": "OH",
  "Mt. Pleasant, Tennessee": "Maury",
  "Muckleshoot Indian Reservation, Washington": "King",
  "Mulberry, Arkansas": "Crawford",
  "Muncie, Indiana": "Delaware",
  "Muscle Shoals, Alabama": "Colbert",
  "Muskogee, Oklahoma": "Muskogee",
  "Myra, Texas": "Cooke",
  "Myrtle Beach, South Carolina": "Horry",
  "Nacogdoches, Texas": "Nacogdoches",
  "Nampa, Idaho": "Canyon",
  "Nanakuli, Hawaii": "Honolulu",
  "Napa, California": "Napa",
  "Naples, Florida": "Collier",
  "Naples, Maine": "Cumberland",
  "Nashua, Iowa": "IA",
  "Nashville, Tennessee": "Davidson",
  "Navarre, Florida": "Santa Rosa",
  "Needles, California": "San Bernardino",
  "Neenah, Wisconsin": "Winnebago",
  "Neosho, Missouri": "Newton",
  "Neshoba County, Mississippi": "Neshoba",
  "Nevada, Missouri": "Vernon",
  "New Britain, Connecticut": "Hartford",
  "New Brunswick, New Jersey": "Middlesex",
  "New Castle, Colorado": "Garfield",
  "New Castle, Delaware": "New Castle",
  "New Castle, Indiana": "Henry",
  "New City, New York": "Rockland",
  "New Hope, Minnesota": "Hennepin",
  "New Iberia, Louisiana": "Iberia",
  "New Llano, Louisiana": "Vernon",
  "New London, Wisconsin": "Waupaca",
  "New Milford, Connecticut": "Litchfield",
  "New Orleans, Louisiana": "Orleans",
  "New Paltz, New York": "Ulster",
  "New Straitsville, Ohio": "Perry",
  "New York, New York": "New York",
  "Newark, California": "Alameda",
  "Newark, New Jersey": "Essex",
  "Newman, California": "Stanislaus",
  "Newnan, Georgia": "Coweta",
  "Newport Beach, California": "Orange",
  "Newport News, Virginia": "Warwick",
  "Newport, Tennessee": "Cocke",
  "Newton Grove, North Carolina": "Sampson",
  "Newton, Kansas": "Harvey",
  "Newton, New Hampshire": "Rockingham",
  "Nice, California": "Lake",
  "Niceville, Florida": "Okaloosa",
  "Nikolaevsk, Alaska": "Kenai Peninsula",
  "Nitro, West Virginia": "Kanawha",
  "Nocona, Texas": "Montague",
  "Nokomis, Illinois": "Montgomery",
  "Noma, Florida": "Holmes",
  "Norco, California": "Riverside",
  "Norfolk, Virginia": "New Norfolk",
  "Norman, Oklahoma": "Cleveland",
  "Norman, Virginia": "Fairfax",
  "North Bergen, New Jersey": "Hudson",
  "North Branch, Minnesota": "Chisago",
  "North Charleston, South Carolina": "Charleston",
  "North East, Maryland": "Cecil",
  "North English, Iowa": "IA",
  "North Fort Collins, Colorado": "Larimer",
  "North Hills, California": "Los Angeles",
  "North Hollywood, California": "Los Angeles",
  "North Laredo, Texas": "Webb",
  "North Las Vegas, Nevada": "Clark",
  "North Manchester, Indiana": "Wabash",
  "North Pole, Alaska": "North Star",
  "North Port, Florida": "Sarasota",
  "North Riverside, Illinois": "Cook",
  "North Royalton, Ohio": "Cuyahoga",
  "North Shore, Hawaii": "HI",
  "North St. Louis, Missouri": "St. Louis",
  "Northglenn, Colorado": "Adams",
  "Northwood, Ohio": "Wood",
  "Norwalk, California": "Los Angeles",
  "Norwich, Connecticut": "New London",
  "Norwood, Oklahoma": "OK",
  "Oak Cliff, Texas": "Dallas",
  "Oak Harbor, Washington": "Island",
  "Oak Hill, Ohio": "Jackson",
  "Oak Park, Michigan": "Oakland",
  "Oak Ridge, Tennessee": "Anderson",
  "Oakdale, Connecticut": "New London",
  "Oakfield, Maine": "Aroostook",
  "Oakland Park, Florida": "Broward",
  "Oakland, California": "Alameda",
  "Ocala, Florida": "Marion",
  "Oceanside, California": "San Diego",
  "Odanah, Wisconsin": "Ashland",
  "Odessa, Missouri": "Lafayette",
  "Odessa, Texas": "Ector",
  "Ogden, Utah": "Weber",
  "Ohatchee, Alabama": "Calhoun",
  "Oil Springs, Kentucky": "Johnson",
  "Okarche, Oklahoma": "OK",
  "Okemah, Oklahoma": "Okfuskee",
  "Oklahoma City, Oklahoma": "Oklahoma",
  "Okmulgee County, Oklahoma": "Okmulgee",
  "Okmulgee, Oklahoma": "Okmulgee",
  "Olathe, Kansas": "Johnson",
  "Old Bridge, New Jersey": "Middlesex",
  "Old Forge, Pennsylvania": "PA",
  "Old Saybrook, Connecticut": "Middlesex",
  "Old Town, Florida": "Dixie",
  "Olivehurst, California": "Yuba",
  "Olustee, Florida": "Baker",
  "Olympia, Washington": "Thurston",
  "Olympic Valley, California": "Placer",
  "Omaha, Nebraska": "Douglas",
  "Onalaska, Texas": "Polk",
  "Oneida, Tennessee": "Scott",
  "Ontario, California": "San Bernardino",
  "Opa-Locka, Florida": "Miami-Dade",
  "Opelika, Alabama": "Lee",
  "Opp, Alabama": "Covington",
  "Orange City, Florida": "Volusia",
  "Orange County, Florida": "Orange",
  "Orange Park, Florida": "Clay",
  "Orange, California": "Orange",
  "Orange, New Jersey": "Essex",
  "Orcutt, California": "Santa Barbara",
  "Oregon City, Oregon": "Clackamas",
  "Orem, Oregon": "OR",
  "Orlando, Florida": "Orange",
  "Orosi, California": "Tulare",
  "Oroville, California": "Butte",
  "Orrington, Maine": "Penobscot",
  "Oshkosh, Wisconsin": "Winnebago",
  "Osteen, Florida": "Volusia",
  "Ouachita Parish, Louisiana": "Ouachita",
  "Overland Park, Kansas": "Johnson",
  "Overlea, Maryland": "Baltimore",
  "Owasso, Oklahoma": "OK",
  "Owen County, Indiana": "Owen",
  "Owensboro, Kentucky": "Daviess",
  "Owings Mills, Maryland": "Baltimore",
  "Oxford, Alabama": "Calhoun",
  "Oxford, Massachusetts": "Worcester",
  "Oxnard, California": "Ventura",
  "Oxon Hill, Maryland": "Prince George's",
  "Ozark, Arkansas": "Franklin",
  "Ozark, Missouri": "Christian",
  "Pacific Beach, California": "San Diego",
  "Paddock Lake, Wisconsin": "Kenosha",
  "Pahrump, Nevada": "Nye",
  "Palatka, Florida": "Putnam",
  "Palermo, California": "Butte",
  "Palestine, Texas": "Anderson",
  "Palm Bay, Florida": "Brevard",
  "Palm Beach Gardens, Florida": "Palm Beach",
  "Palm Harbor, Florida": "Pinellas",
  "Palm Springs, California": "Riverside",
  "Palmdale, California": "Los Angeles",
  "Palmetto, Florida": "Manatee",
  "Palo Alto, California": "Santa Clara",
  "Panama City Beach, Florida": "Bay",
  "Panama City, Florida": "Bay",
  "Panhandle, Texas": "Swisher",
  "Panora, Iowa": "Guthrie",
  "Panorama City, California": "Los Angeles",
  "Papaaloa, Hawaii": "Hawaii",
  "Pardeeville, Wisconsin": "Columbia",
  "Paris, Kentucky": "Bourbon",
  "Paris, Texas": "Lamar",
  "Park County, Colorado": "Park",
  "Parker, Arizona": "La Paz",
  "Parker, Colorado": "Douglas",
  "Parkton, North Carolina": "Robeson",
  "Parkville, Maryland": "Baltimore",
  "Parma, Ohio": "Cuyahoga",
  "Parmelee, South Dakota": "Todd",
  "Parowan, Utah": "Iron",
  "Pasadena, California": "Los Angeles",
  "Pasadena, Texas": "Harris",
  "Pasco, Washington": "Franklin",
  "Paterson, New Jersey": "Passaic",
  "Pattison, Texas": "Waller",
  "Paulden, Arizona": "Yavapai",
  "Paulding County, Georgia": "Paulding",
  "Pavilion Township, Michigan": "Kalamazoo",
  "Pawtucket, Rhode Island": "Providence",
  "Peachland, North Carolina": "Anson",
  "Peachtree City, Georgia": "Fayette",
  "Pearisburg, Virginia": "Giles",
  "Pearland, Texas": "Brazoria",
  "Pell City, Alabama": "Clair",
  "Pelzer, South Carolina": "Anderson",
  "Pembine, Wisconsin": "Marinette",
  "Pembroke, New York": "Genesee",
  "Penasco, New Mexico": "Taos",
  "Pendleton, South Carolina": "Anderson",
  "Penn Township, Pennsylvania": "PA",
  "Pensacola, Florida": "Escambia",
  "Peoria, Arizona": "Maricopa",
  "Peoria, Illinois": "Peoria",
  "Perry Township, Ohio": "OH",
  "Perryopolis, Pennsylvania": "Fayette",
  "Perryville, Arkansas": "Perry",
  "Peshtigo, Wisconsin": "Marinette",
  "Petal, Mississippi": "Forrest",
  "Peterborough, New Hampshire": "Hillsborough",
  "Peterson, Minnesota": "Montgomery",
  "Petroleum, West Virginia": "Ritchie",
  "Pharr, Texas": "Hidalgo",
  "Phelps, Kentucky": "Pike",
  "Phenix City, Alabama": "Russell",
  "Philadelphia, Pennsylvania": "Philadelphia",
  "Phoenix, Arizona": "Maricopa",
  "Pico Rivera, California": "Los Angeles",
  "Picture Rocks, Arizona": "Pima",
  "Piedmont, Alabama": "Calhoun",
  "Piedmont, South Carolina": "Anderson",
  "Pike County, Ohio": "Pike",
  "Pikesville, Maryland": "Baltimore",
  "Pilot Station, Alaska": "Wade Hampton",
  "Pima County, Arizona": "Pima",
  "Pima, Arizona": "Pima",
  "Pine Bluff, Arkansas": "Jefferson",
  "Pine River, Wisconsin": "Lincoln",
  "Pine Top, Kentucky": "Knott",
  "Pinellas Park, Florida": "Pinellas",
  "Pinetop-Lakeside, Arizona": "Navajo",
  "Pineville, Louisiana": "Rapides",
  "Pinion Hills, California": "San Bernardino",
  "Pink, Oklahoma": "Pottawatomie",
  "Pinnacle, North Carolina": "Stokes",
  "Pippa Passes, Kentucky": "Knott",
  "Pittsburg, California": "Contra Costa",
  "Pittsburgh, Pennsylvania": "Allegheny",
  "Pittsfield, Massachusetts": "Berkshire",
  "Pittston, Pennsylvania": "Luzerne",
  "Plano, Texas": "Collin",
  "Plant City, Florida": "Hillsborough",
  "Plantation, Florida": "Broward",
  "Plaquemine, Louisiana": "Iberville",
  "Pleasant Hill, North Carolina": "NC",
  "Pleasant View, Colorado": "Jefferson",
  "Pleasanton, California": "Alameda",
  "Plymouth Township, Michigan": "Wayne",
  "Plymouth Township, Pennsylvania": "PA",
  "Plymouth, Minnesota": "Hennepin",
  "Pocatello, Idaho": "Bannock",
  "Point Loma, California": "San Diego",
  "Polk County, Oregon": "Polk",
  "Pomona, California": "Los Angeles",
  "Pompano Beach, Florida": "Broward",
  "Ponca City, Oklahoma": "Kay",
  "Ponder, Texas": "Denton",
  "Poplar Bluff, Missouri": "Butler",
  "Port Arthur, Texas": "Jefferson",
  "Port Barre, Louisiana": "Landry",
  "Port Charlotte, Florida": "Charlotte",
  "Port Orange, Florida": "Volusia",
  "Port St. Lucie, Florida": "St. Lucie",
  "Port Wentworth, Georgia": "Chatham",
  "Portage, Indiana": "Porter",
  "Portage, Michigan": "Kalamazoo",
  "Porterville, California": "Tulare",
  "Portland, Maine": "ME",
  "Portland, Oregon": "Multnomah",
  "Portsmouth, Virginia": "Norfolk",
  "Potsdam, New York": "Lawrence",
  "Pottawatomie County, Oklahoma": "Pottawatomie",
  "Pottstown, Pennsylvania": "Montgomery",
  "Poultney, Vermont": "Rutland",
  "Poway, California": "San Diego",
  "Powder Springs, Georgia": "Cobb",
  "Powhatan County, Virginia": "Powhatan",
  "Prague, Oklahoma": "Lincoln",
  "Prescott, Arizona": "Yavapai",
  "Presque Isle, Maine": "Aroostook",
  "Prichard, Alabama": "Mobile",
  "Pride, Louisiana": "Baton Rouge",
  "Princeton, Kentucky": "Caldwell",
  "Princeton, New Jersey": "Mercer",
  "Princeton, West Virginia": "Mercer",
  "Progreso, Texas": "Hidalgo",
  "Prompton, Pennsylvania": "Wayne",
  "Providence, Rhode Island": "RI",
  "Provo, Utah": "Utah",
  "Pryor, Oklahoma": "Mayes",
  "Pueblo of Laguna, New Mexico": "Cibola",
  "Pueblo, Colorado": "Pueblo",
  "Pulaski, Virginia": "Pulaski",
  "Puna, Hawaii": "Hawaii",
  "Putnam Hall, Florida": "Putnam",
  "Puyallup, Washington": "Pierce",
  "Quartzsite, Arizona": "La Paz",
  "Queens, New York": "Nassau",
  "Quincy, Florida": "Gadsden",
  "Quincy, Illinois": "Adams",
  "Quinlan, Texas": "Hunt",
  "Raceland, Louisiana": "Lafourche",
  "Racine, Wisconsin": "Racine",
  "Ragley, Louisiana": "Beauregard",
  "Rainbow City, Alabama": "Etowah",
  "Raleigh, North Carolina": "Wake",
  "Raleigh, Tennessee": "Shelby",
  "Rancho Cordova, California": "Sacramento",
  "Rancho Santa Margarita, California": "Orange",
  "Rancho Tehama Reserve, California": "Tehama",
  "Randallstown, Maryland": "Baltimore",
  "Rantoul, Illinois": "Champaign",
  "Rapid City, South Dakota": "Pennington",
  "Rapid Valley, South Dakota": "Pennington",
  "Rawlins, Wyoming": "Carbon",
  "Reading, Massachusetts": "Middlesex",
  "Reading, Pennsylvania": "Berks",
  "Reagan, Tennessee": "Claiborne",
  "Red Bluff, California": "Tehama",
  "Red Valley, Arizona": "Apache",
  "Redding, California": "Shasta",
  "Redlands, California": "San Bernardino",
  "Redondo Beach, California": "Los Angeles",
  "Redwood City, California": "San Mateo",
  "Reisterstown, Maryland": "Baltimore",
  "Reno, Nevada": "Washoe",
  "Reno, Texas": "Parker",
  "Republic, Missouri": "Greene",
  "Reseda, California": "Los Angeles",
  "Rexburg, Idaho": "Madison",
  "Reynoldsville, West Virginia": "Harrison",
  "Rialto, California": "San Bernardino",
  "Rib Mountain, Wisconsin": "Marathon",
  "Richland, Washington": "Benton",
  "Richmond Heights, Ohio": "Cuyahoga",
  "Richmond, California": "Contra Costa",
  "Richmond, Kentucky": "Madison",
  "Richmond, Virginia": "Henrico",
  "Richton Park, Illinois": "Cook",
  "Ridgefield, Washington": "Clark",
  "Rincon, Georgia": "Effingham",
  "Rio Bravo, Texas": "Webb",
  "Ripon, California": "San Joaquin",
  "Rising Sun, Maryland": "Cecil",
  "River Forest, Illinois": "Cook",
  "Riverbank, California": "Stanislaus",
  "Riverdale, Georgia": "Clayton",
  "Riverside, California": "Riverside",
  "Riverton, Utah": "Salt Lake",
  "Riverview, Florida": "Hillsborough",
  "Roanoke, Virginia": "Roanoke",
  "Robbins, Illinois": "Cook",
  "Rochester, New York": "Monroe",
  "Rochester, Washington": "Thurston",
  "Rock Falls, Illinois": "Whiteside",
  "Rock Island, Illinois": "Rock Island",
  "Rockford, Illinois": "Winnebago",
  "Rockledge, Florida": "Brevard",
  "Rocklin, California": "Placer",
  "Rockville, Georgia": "Putnam",
  "Rockwall, Texas": "Rockwall",
  "Roland, Oklahoma": "Sequoyah",
  "Romance, Arkansas": "White",
  "Rome, Ohio": "Adams",
  "Romulus, Michigan": "Wayne",
  "Ronda, North Carolina": "Wilkes",
  "Roosevelt, Utah": "Duchesne",
  "Rosalia, Kansas": "Butler",
  "Rose Bud, Arkansas": "White",
  "Rosebud, South Dakota": "Todd",
  "Rosemead, California": "Los Angeles",
  "Rosenberg, Texas": "Fort Bend",
  "Roseville, Minnesota": "Ramsey",
  "Roslindale, Massachusetts": "Suffolk",
  "Rosser, Texas": "Kaufman",
  "Rossville, Georgia": "Walker",
  "Roswell, New Mexico": "Chaves",
  "Rotterdam, New York": "Schenectady",
  "Round Lake, Illinois": "Lake",
  "Round Rock, Texas": "Williamson",
  "Rowe, New Mexico": "San Miguel",
  "Rowland, North Carolina": "Robeson",
  "Roxand Township, Michigan": "Eaton",
  "Roy, Utah": "Weber",
  "Royal Oak, Michigan": "Oakland",
  "Rudioso, New Mexico": "NM",
  "Rufe, Oklahoma": "McCurtain",
  "Ruidoso, New Mexico": "Lincoln",
  "Rush Springs, Oklahoma": "Grady",
  "Russellville, Arkansas": "Pope",
  "Russellville, Kentucky": "Logan",
  "Ruth, Mississippi": "Lincoln",
  "Rutherfordton, North Carolina": "Rutherford",
  "Sacramento, California": "Sacramento",
  "Saginaw, Michigan": "Saginaw",
  "Saginaw, Texas": "Tarrant",
  "Salem, Oregon": "Marion",
  "Salemburg, North Carolina": "Sampson",
  "Salinas, California": "Monterey",
  "Salisbury, Maryland": "Wicomico",
  "Salisbury, North Carolina": "Rowan",
  "Sallisaw, Oklahoma": "Sequoyah",
  "Salt Lake City, Utah": "Salt Lake",
  "Salt River Reservation, Arizona": "AZ",
  "San Angelo, Texas": "Tom Green",
  "San Antonio, Texas": "Bexar",
  "San Bernardino, California": "San Bernardino",
  "San Carlos Park, Florida": "Lee",
  "San Diego County, California": "San Diego",
  "San Diego, California": "San Diego",
  "San Fernando, California": "Los Angeles",
  "San Francisco, California": "San Francisco",
  "San Jose, California": "Santa Clara",
  "San Manuel, Arizona": "Pinal",
  "San Marcos, California": "North",
  "San Mateo, California": "San Mateo",
  "San Rafael, New Mexico": "Cibola",
  "San Ysidro, California": "San Diego",
  "Sand City, California": "Monterey",
  "Sand Springs, Oklahoma": "Tulsa",
  "Sandia, Texas": "Jim Wells",
  "Sandpoint, Idaho": "Bonner",
  "Sandy, Utah": "Salt Lake",
  "Sanford, North Carolina": "Lee",
  "Santa Ana, California": "Orange",
  "Santa Barbara, California": "Santa Barbara",
  "Santa Clara, California": "Santa Clara",
  "Santa Clarita, California": "Los Angeles",
  "Santa Cruz, California": "Santa Cruz",
  "Santa Fe, New Mexico": "Santa Fe",
  "Santa Maria, California": "Santa Barbara",
  "Santa Monica, California": "Los Angeles",
  "Santa Nella, California": "Merced",
  "Santa Paula, California": "Ventura",
  "Santa Rosa, California": "Sonoma",
  "Santee, California": "San Diego",
  "Saraland, Alabama": "Mobile",
  "Saratoga, California": "Santa Clara",
  "Savannah, Georgia": "Chatham",
  "Scarbo, West Virginia": "WV",
  "Schenectady, New York": "Schenectady",
  "Schertz, Texas": "Guadalupe",
  "Schulter, Oklahoma": "Okmulgee",
  "Scott County, Kentucky": "Scott",
  "Scott County, Virginia": "Scott",
  "Scottsdale, Arizona": "Maricopa",
  "Scottsville, Kentucky": "Allen",
  "Seagoville, Texas": "Dallas",
  "Searcy County, Arkansas": "Searcy",
  "Seaside, California": "Monterey",
  "Seaside, Oregon": "Clatsop",
  "Seattle, Washington": "King",
  "Sedalia, Colorado": "Douglas",
  "Sedalia, Missouri": "Pettis",
  "Sedona, Arizona": "Yavapai",
  "Selma, Alabama": "Dallas",
  "Selma, California": "Fresno",
  "Seneca, South Carolina": "Oconee",
  "Sevierville, Tennessee": "Sevier",
  "Seville, Florida": "Volusia",
  "Seward, Alaska": "Kenai Peninsula",
  "Shafter, California": "Kern",
  "Shakopee, Minnesota": "Scott",
  "Sharon, Pennsylvania": "Mercer",
  "Sharpsburg, Kentucky": "Bath",
  "Shawnee National Forest, Illinois": "Hardin",
  "Sheboygan, Wisconsin": "Sheboygan",
  "Shelby, North Carolina": "Cleveland",
  "Shelbyville, Indiana": "Shelby",
  "Shelbyville, Kentucky": "Shelby",
  "Shelbyville, Tennessee": "Bedford",
  "Shelbyville, Texas": "Shelby",
  "Shelton, Washington": "Mason",
  "Sheridan, Arkansas": "Grant",
  "Sherwood, Oregon": "Washington",
  "Show Low, Arizona": "Navajo",
  "Shreveport, Louisiana": "Caddo",
  "Sidney, Nebraska": "Cheyenne",
  "Sierra Blanca, Texas": "Hudspeth",
  "Sierra Vista, Arizona": "Cochise",
  "Silsbee, Texas": "Hardin",
  "Silver Spring, Maryland": "Montgomery",
  "Silver Springs, Nevada": "Lyon",
  "Simpsonsville, Kentucky": "KY",
  "Simpsonville, South Carolina": "Greenville",
  "Sims, Arkansas": "Montgomery",
  "Sioux City, Iowa": "Woodbury",
  "Sioux Falls, South Dakota": "Minnehaha",
  "Siskiyou County, California": "Siskiyou",
  "Sissonville, West Virginia": "Kanawha",
  "Slidell, Louisiana": "St. Tammany",
  "Smartsville, California": "Yuba",
  "Smithville, Mississippi": "Monroe",
  "Smyrna, Delaware": "Kent",
  "Smyrna, Georgia": "Cobb",
  "Smyrna, Maine": "Aroostook",
  "Sneads, Florida": "Jackson",
  "Snellville, Georgia": "Gwinnett",
  "Snohomish, Washington": "Snohomish",
  "Socorro, New Mexico": "Socorro",
  "Soddy-Daisy, Tennessee": "Hamilton",
  "Solvang, California": "Santa Barbara",
  "Somerset, Pennsylvania": "Somerset",
  "Somerton, Arizona": "Yuma",
  "Somerville, Tennessee": "Fayette",
  "South Bend, Indiana": "Joseph",
  "South El Monte, California": "Los Angeles",
  "South Elgin, Illinois": "Kane",
  "South Gate, California": "Los Angeles",
  "South Greensburg, Pennsylvania": "Westmoreland",
  "South Lake Tahoe, California": "El Dorado",
  "South Los Angeles, California": "Los Angeles",
  "South Salt Lake, Utah": "Salt Lake",
  "South Whitehall Township, Pennsylvania": "Lehigh",
  "Southaven, Mississippi": "Soto",
  "Southfield, Michigan": "Oakland",
  "Southington, Ohio": "Trumbull",
  "Spalding County, Georgia": "Spalding",
  "Spanaway, Washington": "Pierce",
  "Spanish Fork, Utah": "Utah",
  "Spanish Springs, Nevada": "Washoe",
  "Sparks, Nevada": "Washoe",
  "Sparta, North Carolina": "Alleghany",
  "Sparta, Tennessee": "White",
  "Sparta, Wisconsin": "Monroe",
  "Spartanburg, South Carolina": "Spartanburg",
  "Spenard, Alaska": "Anchorage",
  "Spencer, Massachusetts": "Worcester",
  "Spencer, West Virginia": "Roane",
  "Splendora, Texas": "Montgomery",
  "Spokane, Washington": "Spokane",
  "Spotsylvania, Virginia": "Spotsylvania",
  "Spring Hill, Florida": "Hernando",
  "Spring Hill, Tennessee": "Maury",
  "Spring Lake, North Carolina": "Cumberland",
  "Spring, Texas": "Harris",
  "Springdale, Arkansas": "Benton",
  "Springfield, Illinois": "Sangamon",
  "Springfield, Missouri": "Greene",
  "Springfield, Ohio": "Clark",
  "Springfield, Oregon": "Lane",
  "Springtown, Texas": "Parker",
  "St Louis, Missouri": "St. Louis",
  "St. Augustine, Florida": "St. Johns",
  "St. Clair Shores, Michigan": "Macomb",
  "St. Clair Township, Ohio": "OH",
  "St. Cloud, Minnesota": "Stearns",
  "St. James, Minnesota": "Watonwan",
  "St. Joseph, Michigan": "Berrien",
  "St. Joseph, Missouri": "Buchanan",
  "St. Louis, Missouri": "St. Louis",
  "St. Martin, Mississippi": "Jackson",
  "St. Paul, Minnesota": "Ramsey",
  "St. Petersburg, Florida": "Pinellas",
  "St. Tammany Parish, Louisiana": "Pearl River",
  "Stafford, Virginia": "Stafford",
  "Stamford, Connecticut": "Fairfield",
  "Standing Rock Reservation, North Dakota": "Sioux",
  "Stanfordville, New York": "Dutchess",
  "Stanwood, Washington": "Snohomish",
  "Starke, Florida": "Bradford",
  "Staten Island, New York": "Richmond",
  "Statesville, North Carolina": "Iredell",
  "Stead, Nevada": "Washoe",
  "Steubenville, Ohio": "Jefferson",
  "Stewartstown, Pennsylvania": "York",
  "Stillwater, Oklahoma": "Payne",
  "Stockbridge, Georgia": "Henry",
  "Stockton, California": "San Joaquin",
  "Stockton, Illinois": "Jo Daviess",
  "Stone Mountain, Georgia": "Kalb",
  "Stoneville, North Carolina": "Rockingham",
  "Straban Township, Pennsylvania": "Adams",
  "Strasburg, Colorado": "CO",
  "Stratford, Texas": "Sherman",
  "Strong, Arkansas": "Union",
  "Studio City, California": "Los Angeles",
  "Stutsman County, North Dakota": "Stutsman",
  "Suffield, Connecticut": "Hartford",
  "Suffolk, Virginia": "Nansemond",
  "Sugar Creek, Missouri": "MO",
  "Sugar House, Utah": "UT",
  "Sullivan, Indiana": "Sullivan",
  "Sullivan, Missouri": "Franklin",
  "Sumas, Washington": "Whatcom",
  "Summerville, South Carolina": "Dorchester",
  "Sumter, South Carolina": "Sumter",
  "Sun City, Arizona": "Maricopa",
  "Sunnyvale, California": "Santa Clara",
  "Sunridge, Nevada": "NV",
  "Sunrise, Florida": "Broward",
  "Sunset, Texas": "Montague",
  "Superior, Montana": "Mineral",
  "Surfside Beach, South Carolina": "Horry",
  "Surprise, Arizona": "Maricopa",
  "Sussex County, Virginia": "Sussex",
  "Swansea, South Carolina": "Lexington",
  "Sylacauga, Alabama": "Talladega",
  "Sylmar, California": "Los Angeles",
  "Sylvania Township, Ohio": "Lucas",
  "Sylvester, Georgia": "Worth",
  "Syracuse, New York": "Onondaga",
  "Syracuse, Utah": "Davis",
  "Tacoma, Washington": "Pierce",
  "Tahlequah, Oklahoma": "Cherokee",
  "Tahoka, Texas": "Lynn",
  "Talihina, Oklahoma": "Le Flore",
  "Talking Rock, Georgia": "Pickens",
  "Tallahassee, Florida": "Leon",
  "Tampa, Florida": "Hillsborough",
  "Taos, New Mexico": "Taos",
  "Tarboro, North Carolina": "Edgecombe",
  "Tarpon Springs, Florida": "Pinellas",
  "Tate County, Mississippi": "Tate",
  "Taunton, Massachusetts": "Bristol",
  "Taylors, South Carolina": "Greenville",
  "Tehachapi, California": "Kern",
  "Temecula, California": "Riverside",
  "Tempe, Arizona": "Maricopa",
  "Temple Hills, Maryland": "Prince George's",
  "Temple, Texas": "Bell",
  "Terre Haute, Indiana": "Vigo",
  "Terrell, Texas": "Kaufman",
  "Tewksbury, Massachusetts": "Middlesex",
  "The Colony, Texas": "Denton",
  "Thomas County, Georgia": "Thomas",
  "Thomaston, Connecticut": "Litchfield",
  "Thomasville, Georgia": "Thomas",
  "Thomasville, North Carolina": "Davidson",
  "Thonotosassa, Florida": "Hillsborough",
  "Thornton, Colorado": "Adams",
  "Thousand Oaks, California": "Ventura",
  "Three Forks, Montana": "Gallatin",
  "Three Points, Arizona": "Pima",
  "Thurston County, Washington": "Thurston",
  "Tiffin, Ohio": "Seneca",
  "Timberlake, North Carolina": "Person",
  "Tishomingo, Oklahoma": "Johnston",
  "Titusville, Florida": "Brevard",
  "Tiverton, Rhode Island": "Newport",
  "Toledo, Ohio": "Lucas",
  "Tom, Oklahoma": "McCurtain",
  "Tomball, Texas": "Harris",
  "Toms River, New Jersey": "Ocean",
  "Topeka, Kansas": "Shawnee",
  "Torrance, California": "Los Angeles",
  "Tremont, New York": "The Bronx",
  "Trenton, Michigan": "Wayne",
  "Trenton, New Jersey": "Mercer",
  "Trinidad, Colorado": "Las Animas",
  "Trosper, Kentucky": "Knox",
  "Troy, Michigan": "Oakland",
  "Troy, New York": "Rensselaer",
  "Trumann, Arkansas": "Poinsett",
  "Truth or Consequences, New Mexico": "Sierra",
  "Tualatin, Oregon": "Washington",
  "Tucson, Arizona": "Pima",
  "Tucumcari, New Mexico": "Quay",
  "Tukwila, Washington": "King",
  "Tulare, California": "Tulare",
  "Tulsa, Oklahoma": "Tulsa",
  "Tupelo, Mississippi": "Lee",
  "Turlock, California": "Stanislaus",
  "Tuscaloosa, Alabama": "Tuscaloosa",
  "Tuscumbia, Alabama": "Colbert",
  "Tustin, California": "Orange",
  "Twentynine Palms, California": "San Bernardino",
  "Twinsburg, Ohio": "Summit",
  "Tyrone, Georgia": "Fayette",
  "Udall, Kansas": "Cowley",
  "Union City, California": "Alameda",
  "Union Grove, North Carolina": "Iredell",
  "Union Township, Michigan": "MI",
  "Union Township, Pennsylvania": "PA",
  "Uniontown, Ohio": "Stark",
  "University City, California": "Shasta",
  "Upper Darby, Pennsylvania": "Delaware",
  "Urbandale, Iowa": "Polk",
  "Utica, Kentucky": "Daviess",
  "Vacaville, California": "Solano",
  "Vadnais Heights, Minnesota": "Ramsey",
  "Valdez, Colorado": "Las Animas",
  "Valdosta, Georgia": "Lowndes",
  "Valinda, California": "Los Angeles",
  "Vallejo, California": "Solano",
  "Valley Head, West Virginia": "Randolph",
  "Valley View, California": "Santa Clara",
  "Van Buren, Arkansas": "Crawford",
  "Van Nuys, California": "Los Angeles",
  "Vancouver, Washington": "Clark",
  "Vandalia, Ohio": "Montgomery",
  "Vassalboro, Maine": "Kennebec",
  "Venice, California": "Los Angeles",
  "Ventnor, New Jersey": "Atlantic",
  "Vernon, Texas": "Wilbarger",
  "Vero Beach, Florida": "Indian River",
  "Victoria, Texas": "Victoria",
  "Victorville, California": "San Bernardino",
  "Villa Park, Illinois": "Page",
  "Vincennes, Indiana": "Knox",
  "Vineland, Minnesota": "Mille Lacs",
  "Vineland, New Jersey": "Cumberland",
  "Virginia Beach, Virginia": "New Norfolk",
  "Visalia, California": "Tulare",
  "Vista, California": "San Diego",
  "Volant, Pennsylvania": "Lawrence",
  "Waco, Texas": "McLennan",
  "Wadesboro, North Carolina": "Anson",
  "Wagoner, Oklahoma": "Wagoner",
  "Wake Forest, North Carolina": "Wake",
  "Waldoboro, Maine": "Lincoln",
  "Wales, Maine": "Androscoggin",
  "Walla Walla, Washington": "Walla Walla",
  "Walls, Mississippi": "Soto",
  "Walnut Creek, California": "Contra Costa",
  "Walton County, Georgia": "Walton",
  "Walton, Indiana": "Cass",
  "Wamego, Kansas": "Pottawatomie",
  "Wapato, Washington": "Yakima",
  "Warren County, Kentucky": "Warren",
  "Warren, Michigan": "Macomb",
  "Warwick, New York": "Orange",
  "Wasco, California": "Kern",
  "Washington County, Alabama": "Washington",
  "Washington Court House, Ohio": "Fayette",
  "Washington Park, Illinois": "Clair",
  "Washington, District of Columbia": "District of Columbia",
  "Washington, North Carolina": "Beaufort",
  "Washington, Pennsylvania": "Washington",
  "Wasilla, Alaska": "Matanuska-Susitna",
  "Watagua, Texas": "Tarrant",
  "Water Valley, Mississippi": "Yalobusha",
  "Waterford Township, Michigan": "Oakland",
  "Watsonsville, California": "Santa Cruz",
  "Watsonville, California": "Santa Cruz",
  "Watts, Oklahoma": "Adair",
  "Waukesha, Wisconsin": "Waukesha",
  "Wausau, Wisconsin": "Marathon",
  "Wauwatosa, Wisconsin": "Milwaukee",
  "Waverly, Ohio": "Pike",
  "Wayne County, Kentucky": "Wayne",
  "Waynesboro, Virginia": "Augusta",
  "Weatherford, Texas": "Parker",
  "Webster, Massachusetts": "Worcester",
  "Webster, Texas": "Harris",
  "Weeki Wachi, Florida": "Hernando",
  "Weirton, West Virginia": "Hancock",
  "Weitchpec, California": "Humboldt",
  "Wellington, Florida": "Palm Beach",
  "Wellman, Iowa": "Washington",
  "Wenatchee, Washington": "Chelan",
  "West Allis, Wisconsin": "Milwaukee",
  "West Burlington, Iowa": "Des Moines",
  "West Chester, Pennsylvania": "Chester",
  "West Covina, California": "Los Angeles",
  "West Fargo, North Dakota": "Cass",
  "West Goshen, California": "Tulare",
  "West Jordan, Utah": "Salt Lake",
  "West Knox, Tennessee": "Knox",
  "West Linn, Oregon": "Clackamas",
  "West Memphis, Arkansas": "Crittenden",
  "West Milford, West Virginia": "Harrison",
  "West Monroe, Louisiana": "Ouachita",
  "West Odessa, Texas": "Ector",
  "West Olive, Michigan": "Ottawa",
  "West Ouachita, Louisiana": "Clark",
  "West Palm Beach, Florida": "Palm Beach",
  "West Springfield, Massachusetts": "Hampden",
  "West Valley City, Utah": "Salt Lake",
  "Westerville, Ohio": "Franklin",
  "Westlake, Ohio": "Cuyahoga",
  "Westminister, Colorado": "CO",
  "Westminster, California": "Orange",
  "Westminster, Colorado": "Adams",
  "Weston, Wisconsin": "Marathon",
  "Westover, Alabama": "Shelby",
  "Wetumka, Oklahoma": "Hughes",
  "Wewoka, Oklahoma": "Seminole",
  "Weymouth, Massachusetts": "Norfolk",
  "White Plains, Kentucky": "Hopkins",
  "White, Georgia": "Bartow",
  "Whitehall, Ohio": "Franklin",
  "Whitehaven, Tennessee": "Shelby",
  "Whitewright, Texas": "The Grayson",
  "Whitfield County, Georgia": "Whitfield",
  "Whittier, California": "Los Angeles",
  "Wichita Falls, Texas": "Wichita",
  "Wichita, Kansas": "Sedgwick",
  "Wilderville, Oregon": "Josephine",
  "Wilhoit, Arizona": "Yavapai",
  "Wilkesboro, North Carolina": "Wilkes",
  "Wilkinsburg, Pennsylvania": "Allegheny",
  "Williamsburg, Kentucky": "Whitley",
  "Willis, Texas": "Montgomery",
  "Willoughby, Ohio": "Lake",
  "Wilmington, California": "Los Angeles",
  "Wilmington, Delaware": "New Castle",
  "Wilmington, North Carolina": "New Hanover",
  "Wilmore, Kentucky": "Jessamine",
  "Wimberley, Texas": "Hays",
  "Winchester, California": "Riverside",
  "Winchester, Virginia": "Frederick",
  "Windsor, California": "Sonoma",
  "Wink, Texas": "Winkler",
  "Winn Parish, Louisiana": "Winn",
  "Winnie, Texas": "Chambers",
  "Winnsboro, Louisiana": "Franklin",
  "Winooski, Vermont": "Chittenden",
  "Winslow, Arizona": "Navajo",
  "Winslow, New Jersey": "Camden",
  "Winston-Salem, North Carolina": "Forsyth",
  "Winter Haven, Florida": "Polk",
  "Winters, Texas": "Runnels",
  "Wise County, Virginia": "Wise",
  "Wolf Creek, Oregon": "Josephine",
  "Wood County, Texas": "Wood",
  "Wood Lake, North Dakota": "Henry",
  "Woodbridge, New Jersey": "Middlesex",
  "Woodbridge, Virginia": "Prince William",
  "Woodford, Virginia": "Caroline",
  "Woodland, Washington": "Cowlitz",
  "Woodlawn, Maryland": "Prince George's",
  "Woodstock, Georgia": "Cherokee",
  "Woodville, California": "Tulare",
  "Woodville, Georgia": "Greene",
  "Wyoming, Michigan": "Kent",
  "Wythe County, Virginia": "Wythe County",
  "Yakima, Washington": "Yakima",
  "Yellville, Arkansas": "Marion",
  "Yonkers, New York": "Westchester",
  "Yorba Linda, California": "Orange",
  "York County, Pennsylvania": "York",
  "York County, Virginia": "York",
  "York, Nebraska": "York",
  "York, Pennsylvania": "York",
  "York, South Carolina": "York",
  "York, Wisconsin": "Jackson",
  "Youngtown, Arizona": "Maricopa",
  "Yreka, California": "Siskiyou",
  "Yuba City, California": "Sutter",
  "Yulee, Florida": "Nassau",
  "Yuma, Arizona": "Yuma",
  "Zanesville, Ohio": "Muskingum",
  "Zion, Illinois": "Lake"
}
